Category,ID,Latitude,Longitude,Date,Orbit Number,Build ID,Scene ID,ECO3ETPTJPL_001_EVAPOTRANSPIRATION_PT_JPL_ETdaily,ECO3ETPTJPL_001_EVAPOTRANSPIRATION_PT_JPL_ETinst,ECO3ETPTJPL_001_EVAPOTRANSPIRATION_PT_JPL_ETinstUncertainty,ECO3ETPTJPL_001_EVAPOTRANSPIRATION_PT_JPL_ETinstUncertainty_bitmask,ECO3ETPTJPL_001_EVAPOTRANSPIRATION_PT_JPL_ETinstUncertainty_ContinuousLayer,ECO3ETPTJPL_001_EVAPOTRANSPIRATION_PT_JPL_ETinstUncertainty_ContinuousLayer_Description
0,0,44.6781,-93.0723,2018-07-29 00:14:49 UTC,00345,0601,006,124.4911575,55.0424881,55.2849426,0b00000000000000000000000000110111,0b0,Continuous
0,0,44.6781,-93.0723,2018-08-10 01:08:46 UTC,00532,0601,018,1362.475708,52.0539818,38.6403198,0b00000000000000000000000000100110,0b0,Continuous
0,0,44.6781,-93.0723,2018-08-10 19:25:56 UTC,00544,0601,009,157.2910767,237.6242371,118.8479538,0b00000000000000000000000001110110,0b0,Continuous
0,0,44.6781,-93.0723,2018-08-11 00:16:05 UTC,00547,0601,016,102.2769241,43.7554092,48.7732506,0b00000000000000000000000000110000,0b0,Continuous
0,0,44.6781,-93.0723,2018-08-13 18:26:29 UTC,00590,0601,009,83.380394,151.1199341,151.9499359,0b00000000000000000000000010010111,0b0,Continuous
0,0,44.6781,-93.0723,2018-08-13 23:16:48 UTC,00593,0601,009,76.4272766,59.9659386,76.2795792,0b00000000000000000000000001001100,0b0,Continuous
0,0,44.6781,-93.0723,2018-08-27 12:44:22 UTC,00804,0601,007,423.6347046,209.0834198,76.9419022,0b00000000000000000000000001001100,0b0,Continuous
0,0,44.6781,-93.0723,2018-08-27 17:35:35 UTC,00807,0601,005,283.2976379,509.2069092,41.130188,0b00000000000000000000000000101001,0b0,Continuous
0,0,44.6781,-93.0723,2018-08-30 16:36:06 UTC,00853,0601,006,139.5904388,236.0883789,150.0974731,0b00000000000000000000000010010110,0b0,Continuous
0,0,44.6781,-93.0723,2018-09-06 13:44:41 UTC,00960,0601,006,152.2128143,132.0708618,83.4126587,0b00000000000000000000000001010011,0b0,Continuous
0,0,44.6781,-93.0723,2019-05-25 01:14:34 UTC,05009,0601,007,831.8800049,118.455986,35.680706,0b00000000000000000000000000100011,0b0,Continuous
0,0,44.6781,-93.0723,2019-06-08 01:00:10 UTC,05226,0601,004,215.7147522,58.6968002,7.6580415,0b00000000000000000000000000000111,0b0,Continuous
0,0,44.6781,-93.0723,2019-06-09 00:10:30 UTC,05241,0601,004,107.6658096,55.1888847,54.753273,0b00000000000000000000000000110110,0b0,Continuous
0,0,44.6781,-93.0723,2019-06-22 14:12:24 UTC,05452,0600,007,94.0703583,101.5553284,74.6705093,0b00000000000000000000000001001010,0b0,Continuous
0,0,44.6781,-93.0723,2019-06-27 11:42:09 UTC,05528,0601,007,272.8583374,134.8864899,,,,
0,0,44.6781,-93.0723,2019-07-04 13:59:58 UTC,05638,0601,004,198.0838318,236.9560852,88.1797714,0b00000000000000000000000001011000,0b0,Continuous
0,0,44.6781,-93.0723,2019-07-11 11:28:50 UTC,05745,0601,005,327.6918335,119.1470184,46.717659,0b00000000000000000000000000101110,0b0,Continuous
0,0,44.6781,-93.0723,2019-07-23 01:35:42 UTC,05925,0600,007,-1342.1048584,21.8444653,,,,
0,0,44.6781,-93.0723,2019-08-01 22:11:56 UTC,06078,0601,007,129.3665924,162.690506,93.4515152,0b00000000000000000000000001011101,0b0,Continuous
0,0,44.6781,-93.0723,2019-08-01 22:12:48 UTC,06078,0601,008,124.9602737,145.9878235,76.3395996,0b00000000000000000000000001001100,0b0,Continuous
0,0,44.6781,-93.0723,2019-08-09 00:31:54 UTC,06188,0601,004,83.4562225,27.4087906,35.6540718,0b00000000000000000000000000100011,0b0,Continuous
0,0,44.6781,-93.0723,2019-08-09 18:50:56 UTC,06200,0601,007,121.4679489,220.4204865,133.3498688,0b00000000000000000000000010000101,0b0,Continuous
0,0,44.6781,-93.0723,2019-08-16 21:11:35 UTC,06310,0601,005,94.1376572,131.3463593,90.8250809,0b00000000000000000000000001011010,0b0,Continuous
0,0,44.6781,-93.0723,2019-08-20 19:33:19 UTC,06371,0601,004,118.1661301,203.5514374,66.4776535,0b00000000000000000000000001000010,0b0,Continuous
0,0,44.6781,-93.0723,2019-08-27 17:05:29 UTC,06478,0601,005,64.8179398,113.9355621,53.7097397,0b00000000000000000000000000110101,0b0,Continuous
0,0,44.6781,-93.0723,2019-09-05 12:59:40 UTC,06615,0601,005,312.8446655,177.1162109,47.5829697,0b00000000000000000000000000101111,0b0,Continuous
0,0,44.6781,-93.0723,2019-10-08 19:07:07 UTC,07131,0601,007,105.1483231,137.8068695,53.7280159,0b00000000000000000000000000110101,0b0,Continuous
0,0,44.6781,-93.0723,2019-10-19 19:55:02 UTC,07302,0601,005,112.0856705,131.1146088,16.9410133,0b00000000000000000000000000010000,0b0,Continuous
0,0,44.6781,-93.0723,2020-04-07 18:51:53 UTC,09953,0601,007,77.1523056,111.0092697,46.4314041,0b00000000000000000000000000101110,0b0,Continuous
0,0,44.6781,-93.0723,2020-04-07 23:43:50 UTC,09956,0601,005,205.3100891,57.8546028,19.5368347,0b00000000000000000000000000010011,0b0,Continuous
0,0,44.6781,-93.0723,2020-04-19 19:08:12 UTC,10139,0601,007,104.8631973,148.1765289,62.19907,0b00000000000000000000000000111110,0b0,Continuous
0,0,44.6781,-93.0723,2020-04-26 16:47:42 UTC,10246,0601,008,145.7817535,201.1658325,64.0758286,0b00000000000000000000000001000000,0b0,Continuous
0,0,44.6781,-93.0723,2020-06-05 01:03:52 UTC,10856,0601,005,393.1454468,84.7322311,34.9021225,0b00000000000000000000000000100010,0b0,Continuous
0,0,44.6781,-93.0723,2020-06-05 19:24:08 UTC,10868,0601,007,102.7759094,161.9470978,128.5902405,0b00000000000000000000000010000000,0b0,Continuous
0,0,44.6781,-93.0723,2020-06-08 00:17:01 UTC,10902,0601,008,156.2852173,82.7121277,55.7201004,0b00000000000000000000000000110111,0b0,Continuous
0,0,44.6781,-93.0723,2020-06-08 18:36:53 UTC,10914,0601,007,135.78685,221.4289703,90.4026031,0b00000000000000000000000001011010,0b0,Continuous
0,0,44.6781,-93.0723,2020-06-08 23:29:16 UTC,10917,0601,007,134.2806702,96.9466171,25.2405777,0b00000000000000000000000000011001,0b0,Continuous
0,0,44.6781,-93.0723,2020-06-16 15:27:34 UTC,11036,0601,007,149.274292,203.3016205,91.8112564,0b00000000000000000000000001011011,0b0,Continuous
0,0,44.6781,-93.0723,2020-06-16 20:19:58 UTC,11039,0601,007,108.3994522,157.7115479,60.552269,0b00000000000000000000000000111100,0b0,Continuous
0,0,44.6781,-93.0723,2020-06-17 14:40:24 UTC,11051,0601,007,221.2137299,276.6213379,124.6682281,0b00000000000000000000000001111100,0b0,Continuous
0,0,44.6781,-93.0723,2020-06-21 13:05:46 UTC,11112,0601,007,158.2982178,138.1071167,119.9016418,0b00000000000000000000000001110111,0b0,Continuous
0,0,44.6781,-93.0723,2020-06-28 10:43:34 UTC,11219,0601,007,2657.6181641,90.1518555,,,,
0,0,44.6781,-93.0723,2020-07-05 13:14:09 UTC,11329,0601,008,332.0299377,289.1578979,122.0893097,0b00000000000000000000000001111010,0b0,Continuous
0,0,44.6781,-93.0723,2020-07-10 10:53:28 UTC,11405,0601,008,541.8344727,84.815361,30.6062603,0b00000000000000000000000000011110,0b0,Continuous
0,0,44.6781,-93.0723,2020-08-03 01:25:48 UTC,11771,0601,004,-897.0720215,43.4182167,82.8726654,0b00000000000000000000000001010010,0b0,Continuous
0,0,44.6781,-93.0723,2020-08-09 23:06:39 UTC,11878,0601,006,286.223175,235.8477936,19.3697147,0b00000000000000000000000000010011,0b0,Continuous
0,0,44.6781,-93.0723,2020-08-10 22:18:51 UTC,11893,0601,006,35.8767967,39.124752,86.2756653,0b00000000000000000000000001010110,0b0,Continuous
0,0,44.6781,-93.0723,2020-08-13 16:40:38 UTC,11936,0601,009,243.6815033,404.1958313,162.0675507,0b00000000000000000000000010100010,0b0,Continuous
0,0,44.6781,-93.0723,2020-08-13 21:33:02 UTC,11939,0601,006,363.9026489,465.1463928,118.7622986,0b00000000000000000000000001110110,0b0,Continuous
0,0,44.6781,-93.0723,2020-08-17 15:07:02 UTC,11997,0601,009,138.0965424,189.5084229,136.660675,0b00000000000000000000000010001000,0b0,Continuous
0,0,44.6781,-93.0723,2020-08-17 19:59:29 UTC,12000,0601,007,64.3353806,108.5828552,162.705307,0b00000000000000000000000010100010,0b0,Continuous
0,0,44.6781,-93.0723,2020-08-18 14:19:49 UTC,12012,0601,010,172.116272,206.6777191,94.5974045,0b00000000000000000000000001011110,0b0,Continuous
0,0,44.6781,-93.0723,2020-08-21 18:25:54 UTC,12061,0601,005,103.676033,191.7918396,147.6629639,0b00000000000000000000000010010011,0b0,Continuous
0,0,44.6781,-93.0723,2020-08-26 16:04:22 UTC,12137,0601,006,90.3523941,145.2614899,162.0930481,0b00000000000000000000000010100010,0b0,Continuous
0,0,44.6781,-93.0723,2020-08-30 14:30:35 UTC,12198,0601,006,167.1004028,196.2996674,115.9966507,0b00000000000000000000000001110011,0b0,Continuous
0,0,44.6781,-93.0723,2020-09-02 13:44:45 UTC,12244,0601,006,134.8908844,118.4303207,84.4378586,0b00000000000000000000000001010100,0b0,Continuous
0,0,44.6781,-93.0723,2020-10-08 18:09:43 UTC,12805,0601,009,130.0898438,174.970047,60.6598091,0b00000000000000000000000000111100,0b0,Continuous
0,0,44.6781,-93.0723,2020-10-08 23:01:03 UTC,12808,0601,006,234.1634827,71.8738251,103.1840897,0b00000000000000000000000001100111,0b0,Continuous
0,0,44.6781,-93.0723,2020-10-11 22:15:24 UTC,12854,0601,005,154.236496,79.7798538,24.1194515,0b00000000000000000000000000011000,0b0,Continuous
0,0,44.6781,-93.0723,2020-10-12 16:35:42 UTC,12866,0601,009,112.1997147,136.4765625,2679.7319336,0b00000000000000000000101001110111,0b0,Continuous
0,0,44.6781,-93.0723,2020-10-12 21:27:26 UTC,12869,0601,006,95.6177368,73.502037,26.6279888,0b00000000000000000000000000011010,0b0,Continuous
0,0,44.6781,-93.0723,2021-03-29 22:24:53 UTC,15475,0601,010,96.363205,72.6073227,12.6072235,0b00000000000000000000000000001100,0b0,Continuous
0,0,44.6781,-93.0723,2021-04-02 20:52:03 UTC,15536,0601,009,44.715641,51.599762,35.0833473,0b00000000000000000000000000100011,0b0,Continuous
0,0,44.6781,-93.0723,2021-04-30 14:55:55 UTC,15967,0601,006,169.0233459,165.6533203,85.4874573,0b00000000000000000000000001010101,0b0,Continuous
0,0,44.6781,-93.0723,2021-05-01 14:08:50 UTC,15982,0601,006,224.415329,191.8296204,56.4201317,0b00000000000000000000000000111000,0b0,Continuous
1,1,34.3623,-106.7019,2018-08-04 21:20:21 UTC,00452,0601,003,91.9819641,113.1044083,48.642601,0b00000000000000000000000000110000,0b0,Continuous
1,1,34.3623,-106.7019,2018-08-07 20:20:54 UTC,00498,0601,003,112.8862762,155.6848145,63.7390404,0b00000000000000000000000000111111,0b0,Continuous
1,1,34.3623,-106.7019,2018-08-13 01:44:37 UTC,00579,0601,014,1138.5870361,35.2065468,18.4674702,0b00000000000000000000000000010010,0b0,Continuous
1,1,34.3623,-106.7019,2018-08-14 17:30:33 UTC,00605,0601,003,132.8917847,178.384613,62.2263107,0b00000000000000000000000000111110,0b0,Continuous
1,1,34.3623,-106.7019,2018-08-19 22:53:50 UTC,00686,0601,014,99.1680069,88.0619202,31.6806316,0b00000000000000000000000000011111,0b0,Continuous
1,1,34.3623,-106.7019,2018-08-22 21:54:23 UTC,00732,0601,012,41.3772621,47.1352043,19.3419952,0b00000000000000000000000000010011,0b0,Continuous
1,1,34.3623,-106.7019,2018-09-08 15:13:02 UTC,00992,0601,007,213.2837982,172.6839294,70.5366135,0b00000000000000000000000001000110,0b0,Continuous
1,1,34.3623,-106.7019,2018-09-27 00:18:34 UTC,01278,0601,003,119.6117477,30.3719444,7.2691264,0b00000000000000000000000000000111,0b0,Continuous
1,1,34.3623,-106.7019,2019-01-27 23:32:30 UTC,03190,0601,004,66.1751022,22.2199516,10.4745855,0b00000000000000000000000000001010,0b0,Continuous
1,1,34.3623,-106.7019,2019-02-18 22:28:03 UTC,03531,0601,006,47.3063126,39.5870743,47.0912628,0b00000000000000000000000000101111,0b0,Continuous
1,1,34.3623,-106.7019,2019-02-25 19:40:58 UTC,03638,0601,006,63.3595009,87.6901703,100.0999832,0b00000000000000000000000001100100,0b0,Continuous
1,1,34.3623,-106.7019,2019-03-04 16:57:17 UTC,03745,0601,006,77.1831894,86.8514557,56.4761772,0b00000000000000000000000000111000,0b0,Continuous
1,1,34.3623,-106.7019,2019-05-26 00:21:06 UTC,05024,0601,004,68.4447861,36.2373199,81.5412903,0b00000000000000000000000001010001,0b0,Continuous
1,1,34.3623,-106.7019,2019-06-05 20:06:48 UTC,05192,0601,004,28.9827518,39.7607651,18.7434044,0b00000000000000000000000000010010,0b0,Continuous
1,1,34.3623,-106.7019,2019-06-09 18:25:59 UTC,05253,0601,002,64.4556198,89.8939133,20.5499916,0b00000000000000000000000000010100,0b0,Continuous
1,1,34.3623,-106.7019,2019-06-12 17:33:43 UTC,05299,0601,002,67.526268,88.3580246,38.3528404,0b00000000000000000000000000100110,0b0,Continuous
1,1,34.3623,-106.7019,2019-06-16 15:52:18 UTC,05360,0601,002,79.8350754,83.5055237,34.1713867,0b00000000000000000000000000100010,0b0,Continuous
1,1,34.3623,-106.7019,2019-06-20 14:11:18 UTC,05421,0601,003,90.5053787,61.2848244,18.9509964,0b00000000000000000000000000010010,0b0,Continuous
1,1,34.3623,-106.7019,2019-06-21 21:30:05 UTC,05441,0601,006,49.6096687,59.6422653,29.5224018,0b00000000000000000000000000011101,0b0,Continuous
1,1,34.3623,-106.7019,2019-06-25 19:48:07 UTC,05502,0601,005,50.5287933,69.9801025,21.8661747,0b00000000000000000000000000010101,0b0,Continuous
1,1,34.3623,-106.7019,2019-07-02 17:14:47 UTC,05609,0601,007,54.595314,69.6821976,30.3148441,0b00000000000000000000000000011110,0b0,Continuous
1,1,34.3623,-106.7019,2019-07-10 13:53:53 UTC,05731,0601,006,99.9815292,58.1816978,14.9463406,0b00000000000000000000000000001110,0b0,Continuous
1,1,34.3623,-106.7019,2019-07-13 13:02:30 UTC,05777,0601,005,175.4229889,47.6898918,19.5014343,0b00000000000000000000000000010011,0b0,Continuous
1,1,34.3623,-106.7019,2019-07-26 23:50:54 UTC,05986,0601,002,80.8365707,55.0951691,26.3926983,0b00000000000000000000000000011010,0b0,Continuous
1,1,34.3623,-106.7019,2019-08-10 17:57:38 UTC,06215,0601,002,168.8892059,229.0122223,107.9573975,0b00000000000000000000000001101011,0b0,Continuous
1,1,34.3623,-106.7019,2019-08-13 17:05:56 UTC,06261,0601,002,211.3818359,258.0540161,121.6478271,0b00000000000000000000000001111001,0b0,Continuous
1,1,34.3623,-106.7019,2019-08-14 16:17:17 UTC,06276,0601,004,194.9301453,221.767334,87.7986526,0b00000000000000000000000001010111,0b0,Continuous
1,1,34.3623,-106.7019,2019-08-17 15:26:46 UTC,06322,0601,002,157.6141052,138.2733917,61.9580803,0b00000000000000000000000000111101,0b0,Continuous
1,1,34.3623,-106.7019,2019-08-19 21:57:45 UTC,06357,0600,004,71.3397675,78.161232,129.1056824,0b00000000000000000000000010000001,0b0,Continuous
1,1,34.3623,-106.7019,2019-08-23 20:19:32 UTC,06418,0600,010,69.1293335,93.1059265,181.316391,0b00000000000000000000000010110101,0b0,Continuous
1,1,34.3623,-106.7019,2019-09-03 16:13:36 UTC,06586,0601,011,66.8137817,71.3435211,34.6927338,0b00000000000000000000000000100010,0b0,Continuous
1,1,34.3623,-106.7019,2019-09-07 14:34:48 UTC,06647,0601,005,132.6233826,78.5632477,24.0153675,0b00000000000000000000000000011000,0b0,Continuous
1,1,34.3623,-106.7019,2019-10-05 19:51:56 UTC,07085,0601,002,57.1940308,79.1359711,35.2002678,0b00000000000000000000000000100011,0b0,Continuous
1,1,34.3623,-106.7019,2019-10-09 18:14:39 UTC,07146,0601,002,64.656868,88.4676666,37.1439362,0b00000000000000000000000000100101,0b0,Continuous
1,1,34.3623,-106.7019,2019-10-17 15:00:07 UTC,07268,0601,004,91.4707413,57.1435432,23.8990898,0b00000000000000000000000000010111,0b0,Continuous
1,1,34.3623,-106.7019,2019-10-20 14:10:16 UTC,07314,0601,002,161.3691559,26.7640553,11.0156279,0b00000000000000000000000000001011,0b0,Continuous
1,1,34.3623,-106.7019,2019-10-22 20:41:42 UTC,07349,0601,010,37.9113312,47.8872452,19.7770538,0b00000000000000000000000000010011,0b0,Continuous
1,1,34.3623,-106.7019,2019-10-26 19:04:06 UTC,07410,0601,010,44.7831612,62.7650452,25.6464367,0b00000000000000000000000000011001,0b0,Continuous
1,1,34.3623,-106.7019,2019-10-30 17:26:53 UTC,07471,0601,011,35.1242638,44.1511078,8.5493755,0b00000000000000000000000000001000,0b0,Continuous
1,1,34.3623,-106.7019,2019-11-02 16:37:21 UTC,07517,0601,011,62.820446,62.7848587,108.7469406,0b00000000000000000000000001101100,0b0,Continuous
1,1,34.3623,-106.7019,2019-12-01 21:09:46 UTC,07970,0601,002,68.0901413,72.5467758,179.907608,0b00000000000000000000000010110011,0b0,Continuous
1,1,34.3623,-106.7019,2019-12-18 22:00:51 UTC,08234,0601,010,72.3363113,58.9179535,113.9476013,0b00000000000000000000000001110001,0b0,Continuous
1,1,34.3623,-106.7019,2019-12-21 21:12:36 UTC,08280,0601,013,35.1183281,38.5051384,18.1514969,0b00000000000000000000000000010010,0b0,Continuous
1,1,34.3623,-106.7019,2020-01-06 14:49:08 UTC,08524,0601,010,65.2519302,15.4633961,39.860302,0b00000000000000000000000000100111,0b0,Continuous
1,1,34.3623,-106.7019,2020-01-24 00:20:54 UTC,08794,0601,002,-32631.3339844,23.6413097,90.4816208,0b00000000000000000000000001011010,0b0,Continuous
1,1,34.3623,-106.7019,2020-01-31 21:14:17 UTC,08916,0601,002,39.4098206,45.1408081,21.2795811,0b00000000000000000000000000010101,0b0,Continuous
1,1,34.3623,-106.7019,2020-02-08 18:07:16 UTC,09038,0601,002,88.8830643,116.3811722,95.8838959,0b00000000000000000000000001011111,0b0,Continuous
1,1,34.3623,-106.7019,2020-02-18 21:33:42 UTC,09195,0601,013,56.4703712,59.9576454,79.6249008,0b00000000000000000000000001001111,0b0,Continuous
1,1,34.3623,-106.7019,2020-02-26 18:26:26 UTC,09317,0601,008,63.0881233,85.9081955,48.9463501,0b00000000000000000000000000110000,0b0,Continuous
1,1,34.3623,-106.7019,2020-03-09 13:45:01 UTC,09500,0601,008,115.0897751,19.2395916,67.0509796,0b00000000000000000000000001000011,0b0,Continuous
1,1,34.3623,-106.7019,2020-04-03 20:19:13 UTC,09892,0601,002,51.5768013,69.4192581,74.7945709,0b00000000000000000000000001001010,0b0,Continuous
1,1,34.3623,-106.7019,2020-04-07 18:47:33 UTC,09953,0601,002,44.9759407,61.9179688,70.7937393,0b00000000000000000000000001000110,0b0,Continuous
1,1,34.3623,-106.7019,2020-04-11 17:15:42 UTC,10014,0601,002,45.5195923,55.4642792,22.7439213,0b00000000000000000000000000010110,0b0,Continuous
1,1,34.3623,-106.7019,2020-04-12 16:29:11 UTC,10029,0601,004,49.4162483,56.1574287,17.8428974,0b00000000000000000000000000010001,0b0,Continuous
1,1,34.3623,-106.7019,2020-04-15 15:44:40 UTC,10075,0601,003,56.7909737,53.4917679,72.9550018,0b00000000000000000000000001001000,0b0,Continuous
1,1,34.3623,-106.7019,2020-04-17 22:18:41 UTC,10110,0601,010,38.5852165,38.6293221,18.2100372,0b00000000000000000000000000010010,0b0,Continuous
1,1,34.3623,-106.7019,2020-04-21 20:45:24 UTC,10171,0601,011,48.1559753,62.2809944,168.4697571,0b00000000000000000000000010101000,0b0,Continuous
1,1,34.3623,-106.7019,2020-04-29 17:37:06 UTC,10293,0601,010,46.9332161,61.4416466,45.6002274,0b00000000000000000000000000101101,0b0,Continuous
1,1,34.3623,-106.7019,2020-05-03 16:02:50 UTC,10354,0601,005,57.8952026,60.9677811,30.1152096,0b00000000000000000000000000011110,0b0,Continuous
1,1,34.3623,-106.7019,2020-05-21 01:37:40 UTC,10624,0601,002,87.9200516,16.5482788,71.515213,0b00000000000000000000000001000111,0b0,Continuous
1,1,34.3623,-106.7019,2020-05-25 00:03:13 UTC,10685,0601,002,49.8564606,33.1326904,30.7859497,0b00000000000000000000000000011110,0b0,Continuous
1,1,34.3623,-106.7019,2020-06-01 20:54:23 UTC,10807,0601,002,54.5939789,70.87677,28.9372196,0b00000000000000000000000000011100,0b0,Continuous
1,1,34.3623,-106.7019,2020-06-08 01:52:54 UTC,10903,0601,013,150.7179718,13.7532158,65.2668915,0b00000000000000000000000001000001,0b0,Continuous
1,1,34.3623,-106.7019,2020-06-09 17:45:20 UTC,10929,0601,002,45.7559052,60.9723778,29.041748,0b00000000000000000000000000011101,0b0,Continuous
1,1,34.3623,-106.7019,2020-06-11 01:06:33 UTC,10949,0601,011,60.6224289,21.5535278,20.0822411,0b00000000000000000000000000010100,0b0,Continuous
1,1,34.3623,-106.7019,2020-06-17 14:36:04 UTC,11051,0601,002,70.5130539,53.6843681,40.7144241,0b00000000000000000000000000101000,0b0,Continuous
1,1,34.3623,-106.7019,2020-06-21 13:01:27 UTC,11112,0601,002,99.4225235,32.1845398,19.0778236,0b00000000000000000000000000010011,0b0,Continuous
1,1,34.3623,-106.7019,2020-06-22 20:22:02 UTC,11132,0601,011,49.4816971,67.0759048,36.9353142,0b00000000000000000000000000100100,0b0,Continuous
1,1,34.3623,-106.7019,2020-06-30 17:12:38 UTC,11254,0601,011,50.3958321,63.914978,26.4691887,0b00000000000000000000000000011010,0b0,Continuous
1,1,34.3623,-106.7019,2020-07-04 15:37:51 UTC,11315,0601,005,54.8074951,53.4878235,24.805151,0b00000000000000000000000000011000,0b0,Continuous
1,1,34.3623,-106.7019,2020-07-04 15:38:43 UTC,11315,0601,006,53.2990494,54.3316307,25.3463688,0b00000000000000000000000000011001,0b0,Continuous
1,1,34.3623,-106.7019,2020-07-08 14:04:46 UTC,11376,0601,012,62.1769714,38.1258507,23.7224236,0b00000000000000000000000000010111,0b0,Continuous
1,1,34.3623,-106.7019,2020-07-25 23:38:39 UTC,11646,0601,003,61.2154427,44.2937965,77.7829742,0b00000000000000000000000001001101,0b0,Continuous
1,1,34.3623,-106.7019,2020-07-29 22:03:51 UTC,11707,0601,003,54.1338158,59.0983543,28.5393639,0b00000000000000000000000000011100,0b0,Continuous
1,1,34.3623,-106.7019,2020-07-30 21:16:08 UTC,11722,0601,002,63.947525,77.3162079,19.0175972,0b00000000000000000000000000010011,0b0,Continuous
1,1,34.3623,-106.7019,2020-08-06 18:56:16 UTC,11829,0601,004,128.4541779,181.6962738,77.1669235,0b00000000000000000000000001001101,0b0,Continuous
1,1,34.3623,-106.7019,2020-08-07 18:09:22 UTC,11844,0601,004,107.7724304,150.4726105,36.4124146,0b00000000000000000000000000100100,0b0,Continuous
1,1,34.3623,-106.7019,2020-08-10 17:22:42 UTC,11890,0601,004,102.4478226,131.6950073,58.1945457,0b00000000000000000000000000111010,0b0,Continuous
1,1,34.3623,-106.7019,2020-08-14 15:49:06 UTC,11951,0601,004,153.5354767,150.2872162,70.846077,0b00000000000000000000000001000110,0b0,Continuous
1,1,34.3623,-106.7019,2020-08-18 14:15:29 UTC,12012,0601,005,165.7462006,88.0687637,39.0438156,0b00000000000000000000000000100111,0b0,Continuous
1,1,34.3623,-106.7019,2020-08-22 12:42:17 UTC,12073,0601,002,1714.4130859,48.6388054,,,,
1,1,34.3623,-106.7019,2020-08-24 19:15:34 UTC,12108,0601,007,69.7376785,98.6523895,40.2900124,0b00000000000000000000000000101000,0b0,Continuous
1,1,34.3623,-106.7019,2020-08-28 17:41:54 UTC,12169,0601,012,82.8541946,109.9070663,44.9609337,0b00000000000000000000000000101100,0b0,Continuous
1,1,34.3623,-106.7019,2020-09-23 00:15:02 UTC,12561,0601,002,67.7001724,24.3472176,40.957428,0b00000000000000000000000000101000,0b0,Continuous
1,1,34.3623,-106.7019,2020-09-26 22:43:00 UTC,12622,0601,005,49.9519806,42.3279915,57.5287285,0b00000000000000000000000000111001,0b0,Continuous
1,1,34.3623,-106.7019,2020-09-27 21:56:16 UTC,12637,0601,005,46.7205772,45.8680763,8.5377626,0b00000000000000000000000000001000,0b0,Continuous
1,1,34.3623,-106.7019,2020-09-30 21:10:57 UTC,12683,0601,005,43.9882507,53.1119995,21.7962151,0b00000000000000000000000000010101,0b0,Continuous
1,1,34.3623,-106.7019,2020-10-01 20:23:56 UTC,12698,0601,004,41.0917473,53.3207932,11.2868376,0b00000000000000000000000000001011,0b0,Continuous
1,1,34.3623,-106.7019,2020-10-05 18:51:33 UTC,12759,0601,004,43.2497787,60.5872803,14.9354057,0b00000000000000000000000000001110,0b0,Continuous
1,1,34.3623,-106.7019,2020-10-09 17:18:16 UTC,12820,0601,002,42.5489883,53.3556633,19.3842201,0b00000000000000000000000000010011,0b0,Continuous
1,1,34.3623,-106.7019,2020-10-12 16:31:22 UTC,12866,0601,004,44.800499,45.3966103,22.8766499,0b00000000000000000000000000010110,0b0,Continuous
1,1,34.3623,-106.7019,2020-10-13 15:44:12 UTC,12881,0601,004,47.2284813,41.2007904,9.2147999,0b00000000000000000000000000001001,0b0,Continuous
1,1,34.3623,-106.7019,2020-10-16 14:57:09 UTC,12927,0601,004,64.2584076,31.0948887,98.3182907,0b00000000000000000000000001100010,0b0,Continuous
1,1,34.3623,-106.7019,2020-10-17 14:10:01 UTC,12942,0601,004,82.1363144,24.6731415,71.670929,0b00000000000000000000000001000111,0b0,Continuous
1,1,34.3623,-106.7019,2020-10-20 13:23:40 UTC,12988,0601,003,-119.6952896,9.9537907,,,,
1,1,34.3623,-106.7019,2020-10-22 19:56:23 UTC,13023,0601,012,33.8705482,46.0418663,62.4915695,0b00000000000000000000000000111110,0b0,Continuous
1,1,34.3623,-106.7019,2020-10-30 16:47:52 UTC,13145,0601,006,54.1725159,58.6568947,110.0095825,0b00000000000000000000000001101110,0b0,Continuous
1,1,34.3623,-106.7019,2020-11-03 15:13:29 UTC,13206,0601,006,159.5160217,89.4972229,64.4747314,0b00000000000000000000000001000000,0b0,Continuous
1,1,34.3623,-106.7019,2020-11-24 23:18:23 UTC,13537,0601,003,36.5025215,12.3819609,4.0499091,0b00000000000000000000000000000100,0b0,Continuous
1,1,34.3623,-106.7019,2020-11-28 21:44:23 UTC,13598,0601,002,31.9930592,31.4667645,53.9114418,0b00000000000000000000000000110101,0b0,Continuous
1,1,34.3623,-106.7019,2020-12-02 20:11:02 UTC,13659,0601,003,15.4620991,20.6694546,9.7436752,0b00000000000000000000000000001001,0b0,Continuous
1,1,34.3623,-106.7019,2020-12-06 18:37:27 UTC,13720,0601,002,61.1926537,84.0732117,39.6324921,0b00000000000000000000000000100111,0b0,Continuous
1,1,34.3623,-106.7019,2020-12-24 18:56:23 UTC,13999,0601,012,64.0259018,89.1261292,110.8305511,0b00000000000000000000000001101110,0b0,Continuous
1,1,34.3623,-106.7019,2020-12-28 17:22:29 UTC,14060,0601,009,77.0322952,91.1540909,68.4352341,0b00000000000000000000000001000100,0b0,Continuous
1,1,34.3623,-106.7019,2021-01-22 23:51:36 UTC,14452,0601,004,143.5225525,22.6761532,78.1106796,0b00000000000000000000000001001110,0b0,Continuous
1,1,34.3623,-106.7019,2021-01-30 20:46:31 UTC,14574,0601,004,50.2763023,62.1240883,29.2855759,0b00000000000000000000000000011101,0b0,Continuous
1,1,34.3623,-106.7019,2021-02-11 16:08:15 UTC,14757,0601,004,61.9074707,53.7566147,91.8941269,0b00000000000000000000000001011011,0b0,Continuous
1,1,34.3623,-106.7019,2021-02-21 19:36:34 UTC,14914,0601,013,47.9667778,66.0127563,88.3341827,0b00000000000000000000000001011000,0b0,Continuous
1,1,34.3623,-106.7019,2021-03-05 14:57:28 UTC,15097,0601,012,84.7387238,49.0748863,135.2442169,0b00000000000000000000000010000111,0b0,Continuous
1,1,34.3623,-106.7019,2021-03-27 22:19:39 UTC,15444,0601,004,12.510951,10.7779694,111.52034,0b00000000000000000000000001101111,0b0,Continuous
1,1,34.3623,-106.7019,2021-03-30 21:33:32 UTC,15490,0601,004,9.2553606,10.3771868,138.6837769,0b00000000000000000000000010001010,0b0,Continuous
1,1,34.3623,-106.7019,2021-03-31 20:46:42 UTC,15505,0601,004,7.4449024,8.962122,60.8156815,0b00000000000000000000000000111100,0b0,Continuous
1,1,34.3623,-106.7019,2021-04-04 19:14:06 UTC,15566,0601,004,22.1224232,29.6866875,128.7771759,0b00000000000000000000000010000000,0b0,Continuous
1,1,34.3623,-106.7019,2021-04-07 18:28:24 UTC,15613,0601,002,20.0842514,26.4644489,12.475461,0b00000000000000000000000000001100,0b0,Continuous
1,1,34.3623,-106.7019,2021-04-08 17:41:38 UTC,15628,0601,004,30.8147755,39.3522415,37.0126457,0b00000000000000000000000000100101,0b0,Continuous
1,1,34.3623,-106.7019,2021-04-16 14:36:27 UTC,15750,0601,004,93.7620392,61.8566551,17.5143108,0b00000000000000000000000000010001,0b0,Continuous
1,1,34.3623,-106.7019,2021-04-25 18:52:23 UTC,15892,0601,012,43.2045784,59.8362427,143.7751312,0b00000000000000000000000010001111,0b0,Continuous
1,1,34.3623,-106.7019,2021-05-03 15:46:56 UTC,16014,0601,013,58.7279396,57.7073669,27.2035141,0b00000000000000000000000000011011,0b0,Continuous
2,2,46.7697,-100.9154,2018-08-01 23:58:28 UTC,00407,0601,008,84.7961349,64.6528397,30.4776421,0b00000000000000000000000000011110,0b0,Continuous
2,2,46.7697,-100.9154,2018-08-02 23:06:52 UTC,00422,0601,010,92.0337982,88.3863068,72.0614548,0b00000000000000000000000001001000,0b0,Continuous
2,2,46.7697,-100.9154,2018-08-08 21:08:05 UTC,00514,0601,012,51.1113548,72.9736099,94.9672699,0b00000000000000000000000001011110,0b0,Continuous
2,2,46.7697,-100.9154,2018-08-10 01:07:02 UTC,00532,0601,016,150.1336212,39.5573959,42.0149269,0b00000000000000000000000000101010,0b0,Continuous
2,2,46.7697,-100.9154,2018-08-11 00:15:13 UTC,00547,0601,015,46.1977768,23.8735561,24.98032,0b00000000000000000000000000011000,0b0,Continuous
2,2,46.7697,-100.9154,2018-08-11 20:08:49 UTC,00560,0601,009,32.0726585,51.842453,24.4387665,0b00000000000000000000000000011000,0b0,Continuous
2,2,46.7697,-100.9154,2018-08-12 19:17:13 UTC,00575,0601,012,30.8471107,51.0439568,24.0623531,0b00000000000000000000000000011000,0b0,Continuous
2,2,46.7697,-100.9154,2018-08-13 00:07:32 UTC,00578,0601,015,30.546999,19.259861,43.7066193,0b00000000000000000000000000101011,0b0,Continuous
2,2,46.7697,-100.9154,2018-08-15 18:17:45 UTC,00621,0601,011,48.213871,81.0274429,38.196701,0b00000000000000000000000000100110,0b0,Continuous
2,2,46.7697,-100.9154,2018-08-21 16:18:35 UTC,00713,0601,008,85.7826385,120.269989,56.695816,0b00000000000000000000000000111000,0b0,Continuous
2,2,46.7697,-100.9154,2018-08-22 15:26:58 UTC,00728,0601,012,125.2958603,156.0404205,65.7200241,0b00000000000000000000000001000001,0b0,Continuous
2,2,46.7697,-100.9154,2018-08-22 20:17:19 UTC,00731,0601,007,39.5474396,63.0252304,34.8268204,0b00000000000000000000000000100010,0b0,Continuous
2,2,46.7697,-100.9154,2018-08-26 18:25:25 UTC,00792,0601,006,51.8377838,87.2645264,41.4644432,0b00000000000000000000000000101001,0b0,Continuous
2,2,46.7697,-100.9154,2018-08-29 17:25:59 UTC,00838,0601,006,67.6561279,110.2584991,45.0364761,0b00000000000000000000000000101101,0b0,Continuous
2,2,46.7697,-100.9154,2018-08-30 16:34:22 UTC,00853,0601,004,84.4257431,128.1635132,60.4168587,0b00000000000000000000000000111100,0b0,Continuous
2,2,46.7697,-100.9154,2018-09-02 15:34:53 UTC,00899,0601,007,99.0355911,127.3917389,52.1441956,0b00000000000000000000000000110100,0b0,Continuous
2,2,46.7697,-100.9154,2019-05-30 23:29:43 UTC,05101,0601,006,58.2398605,55.2167892,64.9017639,0b00000000000000000000000001000000,0b0,Continuous
2,2,46.7697,-100.9154,2019-06-02 22:37:57 UTC,05147,0601,006,52.9193382,63.7196121,30.037714,0b00000000000000000000000000011110,0b0,Continuous
2,2,46.7697,-100.9154,2019-06-03 21:48:29 UTC,05162,0601,006,63.8920937,86.6901932,50.6765022,0b00000000000000000000000000110010,0b0,Continuous
2,2,46.7697,-100.9154,2019-06-05 01:50:13 UTC,05180,0601,002,121.5758591,23.8762684,25.0341587,0b00000000000000000000000000011001,0b0,Continuous
2,2,46.7697,-100.9154,2019-06-06 20:56:39 UTC,05208,0601,006,47.5832291,72.61689,39.5567551,0b00000000000000000000000000100111,0b0,Continuous
2,2,46.7697,-100.9154,2019-06-08 00:58:26 UTC,05226,0601,002,79.0449753,40.0391731,39.8752213,0b00000000000000000000000000100111,0b0,Continuous
2,2,46.7697,-100.9154,2019-06-14 22:25:17 UTC,05333,0601,003,147.2569275,196.1335602,81.500946,0b00000000000000000000000001010001,0b0,Continuous
2,2,46.7697,-100.9154,2019-06-15 21:35:56 UTC,05348,0600,003,106.3641205,139.6543579,75.0848389,0b00000000000000000000000001001011,0b0,Continuous
2,2,46.7697,-100.9154,2019-07-06 13:56:43 UTC,05669,0601,003,287.5648804,283.6584167,126.8701935,0b00000000000000000000000001111110,0b0,Continuous
2,2,46.7697,-100.9154,2019-07-07 13:07:30 UTC,05684,0601,003,284.5940552,217.3726807,92.6833496,0b00000000000000000000000001011100,0b0,Continuous
2,2,46.7697,-100.9154,2019-07-11 11:27:06 UTC,05745,0601,003,783.3853149,144.0005951,72.7218246,0b00000000000000000000000001001000,0b0,Continuous
2,2,46.7697,-100.9154,2019-07-27 01:30:13 UTC,05987,0601,006,89.4696732,30.0081539,137.8107605,0b00000000000000000000000010001001,0b0,Continuous
2,2,46.7697,-100.9154,2019-07-28 00:40:55 UTC,06002,0601,006,62.4037933,36.8448257,75.2500763,0b00000000000000000000000001001011,0b0,Continuous
2,2,46.7697,-100.9154,2019-07-31 23:00:17 UTC,06063,0601,006,57.9860725,63.87854,82.4812546,0b00000000000000000000000001010010,0b0,Continuous
2,2,46.7697,-100.9154,2019-08-04 21:19:38 UTC,06124,0601,006,17.9518642,26.972971,12.7151804,0b00000000000000000000000000001100,0b0,Continuous
2,2,46.7697,-100.9154,2019-08-06 01:21:32 UTC,06142,0601,002,431.7460938,98.75383,43.6026649,0b00000000000000000000000000101011,0b0,Continuous
2,2,46.7697,-100.9154,2019-08-09 00:30:10 UTC,06188,0601,002,111.6675415,61.2232056,29.3501911,0b00000000000000000000000000011101,0b0,Continuous
2,2,46.7697,-100.9154,2019-08-11 18:47:32 UTC,06231,0601,006,50.0708313,88.2084503,68.4497223,0b00000000000000000000000001000100,0b0,Continuous
2,2,46.7697,-100.9154,2019-08-19 15:28:55 UTC,06353,0601,006,96.5348358,126.260643,52.278965,0b00000000000000000000000000110100,0b0,Continuous
2,2,46.7697,-100.9154,2019-08-19 20:20:14 UTC,06356,0601,003,52.7531281,86.9682465,51.2533875,0b00000000000000000000000000110011,0b0,Continuous
2,2,46.7697,-100.9154,2019-08-20 19:31:35 UTC,06371,0600,002,72.3956299,123.0242004,,,,
2,2,46.7697,-100.9154,2019-08-22 14:39:16 UTC,06399,0601,006,207.6775818,209.8706512,89.3190536,0b00000000000000000000000001011001,0b0,Continuous
2,2,46.7697,-100.9154,2019-08-25 13:49:49 UTC,06445,0601,006,215.3213501,150.4857635,64.982132,0b00000000000000000000000001000000,0b0,Continuous
2,2,46.7697,-100.9154,2019-08-28 16:14:51 UTC,06493,0601,002,112.7810745,167.2391052,78.8372726,0b00000000000000000000000001001110,0b0,Continuous
2,2,46.7697,-100.9154,2019-09-01 14:36:25 UTC,06554,0601,002,157.5936127,153.4004822,67.1437836,0b00000000000000000000000001000011,0b0,Continuous
2,2,46.7697,-100.9154,2019-09-03 14:35:51 UTC,06585,0601,003,233.4060974,218.6990356,94.6755676,0b00000000000000000000000001011110,0b0,Continuous
2,2,46.7697,-100.9154,2019-10-07 19:54:30 UTC,07116,0601,006,30.2980556,47.5526733,40.1736755,0b00000000000000000000000000101000,0b0,Continuous
2,2,46.7697,-100.9154,2019-10-19 19:53:18 UTC,07302,0601,003,45.2063408,69.8503876,28.5439243,0b00000000000000000000000000011100,0b0,Continuous
2,2,46.7697,-100.9154,2020-04-09 18:52:50 UTC,09984,0601,006,81.8565216,119.4522781,56.3103447,0b00000000000000000000000000111000,0b0,Continuous
2,2,46.7697,-100.9154,2020-04-17 15:50:06 UTC,10106,0601,007,121.6518326,142.8450623,127.4759827,0b00000000000000000000000001111111,0b0,Continuous
2,2,46.7697,-100.9154,2020-04-17 20:41:05 UTC,10109,0601,005,128.475296,169.6468353,79.9722824,0b00000000000000000000000001001111,0b0,Continuous
2,2,46.7697,-100.9154,2020-04-19 19:06:29 UTC,10139,0601,005,96.3590012,139.6556549,,,,
2,2,46.7697,-100.9154,2020-04-21 14:16:05 UTC,10167,0601,006,78.6491852,57.5657959,27.136776,0b00000000000000000000000000011011,0b0,Continuous
2,2,46.7697,-100.9154,2020-04-22 18:20:08 UTC,10185,0601,007,105.9986572,154.3976135,72.7837296,0b00000000000000000000000001001000,0b0,Continuous
2,2,46.7697,-100.9154,2020-04-29 15:59:30 UTC,10292,0601,006,122.8791199,146.6581116,69.1352921,0b00000000000000000000000001000101,0b0,Continuous
2,2,46.7697,-100.9154,2020-04-30 15:11:44 UTC,10307,0601,006,157.1170197,164.4433441,67.6904221,0b00000000000000000000000001000011,0b0,Continuous
2,2,46.7697,-100.9154,2020-05-30 22:32:48 UTC,10777,0601,006,95.3477936,107.4892883,51.3682404,0b00000000000000000000000000110011,0b0,Continuous
2,2,46.7697,-100.9154,2020-06-02 21:46:08 UTC,10823,0601,006,76.1390152,99.480896,71.4384308,0b00000000000000000000000001000111,0b0,Continuous
2,2,46.7697,-100.9154,2020-06-04 01:49:51 UTC,10841,0601,003,295.5476379,62.533783,110.8341904,0b00000000000000000000000001101110,0b0,Continuous
2,2,46.7697,-100.9154,2020-06-07 19:23:38 UTC,10899,0601,006,73.2452698,119.0055923,56.0997772,0b00000000000000000000000000111000,0b0,Continuous
2,2,46.7697,-100.9154,2020-06-08 00:15:17 UTC,10902,0601,006,93.5854721,64.9492874,54.4368134,0b00000000000000000000000000110110,0b0,Continuous
2,2,46.7697,-100.9154,2020-06-19 14:39:43 UTC,11082,0601,006,104.1792221,116.7137222,47.6760559,0b00000000000000000000000000101111,0b0,Continuous
2,2,46.7697,-100.9154,2020-06-19 19:31:21 UTC,11085,0601,005,70.2450409,113.5098343,46.4536095,0b00000000000000000000000000101110,0b0,Continuous
2,2,46.7697,-100.9154,2020-06-22 13:52:51 UTC,11128,0601,009,103.4571838,91.6335831,39.1243706,0b00000000000000000000000000100111,0b0,Continuous
2,2,46.7697,-100.9154,2020-06-24 17:08:49 UTC,11161,0601,005,99.3358078,156.2338715,70.2492676,0b00000000000000000000000001000110,0b0,Continuous
2,2,46.7697,-100.9154,2020-06-26 12:18:10 UTC,11189,0601,009,234.4686432,96.7118835,39.5258789,0b00000000000000000000000000100111,0b0,Continuous
2,2,46.7697,-100.9154,2020-06-27 16:21:58 UTC,11207,0601,006,150.3416595,219.4203796,93.3129883,0b00000000000000000000000001011101,0b0,Continuous
2,2,46.7697,-100.9154,2020-06-28 15:34:06 UTC,11222,0601,005,150.0176392,199.3095398,93.9554138,0b00000000000000000000000001011101,0b0,Continuous
2,2,46.7697,-100.9154,2020-07-09 11:39:19 UTC,11390,0601,006,317.9191284,72.9032669,34.3669319,0b00000000000000000000000000100010,0b0,Continuous
2,2,46.7697,-100.9154,2020-07-23 02:05:07 UTC,11601,0601,007,1928.4298096,86.1591949,,,,
2,2,46.7697,-100.9154,2020-07-27 00:30:24 UTC,11662,0601,007,73.2727432,40.7592621,59.4417572,0b00000000000000000000000000111011,0b0,Continuous
2,2,46.7697,-100.9154,2020-07-27 23:42:27 UTC,11677,0601,007,65.9106445,52.6954346,35.3591309,0b00000000000000000000000000100011,0b0,Continuous
2,2,46.7697,-100.9154,2020-07-30 22:55:13 UTC,11723,0601,006,70.4800568,78.5711823,61.1276169,0b00000000000000000000000000111101,0b0,Continuous
2,2,46.7697,-100.9154,2020-08-03 21:21:43 UTC,11784,0601,006,53.3924484,78.5277939,35.0559502,0b00000000000000000000000000100011,0b0,Continuous
2,2,46.7697,-100.9154,2020-08-05 01:25:50 UTC,11802,0601,002,126.1702499,28.5472946,56.4811363,0b00000000000000000000000000111000,0b0,Continuous
2,2,46.7697,-100.9154,2020-08-06 00:37:52 UTC,11817,0601,009,75.940155,39.7116013,44.4343681,0b00000000000000000000000000101100,0b0,Continuous
2,2,46.7697,-100.9154,2020-08-08 23:52:23 UTC,11863,0601,004,67.0019379,50.0422173,100.2794647,0b00000000000000000000000001100100,0b0,Continuous
2,2,46.7697,-100.9154,2020-08-09 23:04:55 UTC,11878,0601,004,56.192894,53.9694557,99.371048,0b00000000000000000000000001100011,0b0,Continuous
2,2,46.7697,-100.9154,2020-08-11 18:14:50 UTC,11906,0601,008,46.5204315,78.8753052,42.5504341,0b00000000000000000000000000101010,0b0,Continuous
2,2,46.7697,-100.9154,2020-08-12 22:18:53 UTC,11924,0601,004,45.0834389,52.0682869,30.7724018,0b00000000000000000000000000011110,0b0,Continuous
2,2,46.7697,-100.9154,2020-08-13 21:31:18 UTC,11939,0601,004,57.2583237,75.9118271,64.0839005,0b00000000000000000000000001000000,0b0,Continuous
2,2,46.7697,-100.9154,2020-08-17 19:57:45 UTC,12000,0601,005,37.3184319,60.8773956,28.6978798,0b00000000000000000000000000011100,0b0,Continuous
2,2,46.7697,-100.9154,2020-08-21 18:24:10 UTC,12061,0601,003,85.9098587,146.7727814,61.0700874,0b00000000000000000000000000111101,0b0,Continuous
2,2,46.7697,-100.9154,2020-08-23 13:34:07 UTC,12089,0601,007,236.3223572,144.4702759,62.1695786,0b00000000000000000000000000111110,0b0,Continuous
2,2,46.7697,-100.9154,2020-08-24 17:37:59 UTC,12107,0601,003,115.3265991,178.7408447,73.5898209,0b00000000000000000000000001001001,0b0,Continuous
2,2,46.7697,-100.9154,2020-08-28 16:04:16 UTC,12168,0601,004,100.4456024,131.0071869,55.225975,0b00000000000000000000000000110111,0b0,Continuous
2,2,46.7697,-100.9154,2020-09-01 14:30:32 UTC,12229,0601,004,116.7820663,99.6209488,41.5000496,0b00000000000000000000000000101001,0b0,Continuous
2,2,46.7697,-100.9154,2020-09-25 00:20:42 UTC,12592,0601,007,341.3788757,32.0946121,,,,
2,2,46.7697,-100.9154,2020-10-05 20:30:44 UTC,12760,0601,010,58.9216652,82.8335266,62.0094147,0b00000000000000000000000000111110,0b0,Continuous
2,2,46.7697,-100.9154,2020-10-08 22:59:19 UTC,12808,0601,004,75.0528412,45.2773857,76.1425705,0b00000000000000000000000001001100,0b0,Continuous
2,2,46.7697,-100.9154,2020-10-09 18:57:24 UTC,12821,0601,010,47.8953667,74.9206161,35.3179169,0b00000000000000000000000000100011,0b0,Continuous
2,2,46.7697,-100.9154,2020-10-10 23:01:08 UTC,12839,0601,005,65.9294662,37.5999222,46.2997818,0b00000000000000000000000000101110,0b0,Continuous
2,2,46.7697,-100.9154,2020-10-13 17:23:19 UTC,12882,0601,010,67.559021,96.2573242,46.5813408,0b00000000000000000000000000101110,0b0,Continuous
2,2,46.7697,-100.9154,2020-11-03 13:35:53 UTC,13205,0601,003,-215.151474,28.3987617,111.5379028,0b00000000000000000000000001101111,0b0,Continuous
2,2,46.7697,-100.9154,2021-03-25 00:43:59 UTC,15399,0601,006,623.3953247,36.6447868,,,,
2,2,46.7697,-100.9154,2021-04-01 21:38:21 UTC,15521,0601,008,109.1830826,111.6712875,111.4118195,0b00000000000000000000000001101111,0b0,Continuous
2,2,46.7697,-100.9154,2021-04-08 19:20:47 UTC,15629,0601,009,84.4072952,119.4336929,56.3015823,0b00000000000000000000000000111000,0b0,Continuous
2,2,46.7697,-100.9154,2021-04-09 18:33:25 UTC,15644,0601,008,139.6369019,199.0176392,93.8178177,0b00000000000000000000000001011101,0b0,Continuous
2,2,46.7697,-100.9154,2021-04-17 15:28:22 UTC,15766,0601,008,100.2477341,101.3769836,47.7895699,0b00000000000000000000000000101111,0b0,Continuous
2,2,46.7697,-100.9154,2021-04-22 18:00:03 UTC,15845,0601,004,112.3395157,152.3919678,71.8382645,0b00000000000000000000000001000111,0b0,Continuous
2,2,46.7697,-100.9154,2021-05-01 14:07:06 UTC,15982,0601,004,169.5867767,124.0424652,58.4741783,0b00000000000000000000000000111010,0b0,Continuous
