Latitude,Longitude,Date,Orbit Number,Scene ID,Build ID,Orbit Correction Performed,ECO3ETPTJPL_001_EVAPOTRANSPIRATION_PT_JPL_ETinst,ECO3ETPTJPL_001_EVAPOTRANSPIRATION_PT_JPL_ETinstUncertainty,ECO3ETPTJPL_001_EVAPOTRANSPIRATION_PT_JPL_ETinstUncertainty_bitmask,ECO3ETPTJPL_001_EVAPOTRANSPIRATION_PT_JPL_ETinstUncertainty_ContinuousLayer,ECO3ETPTJPL_001_EVAPOTRANSPIRATION_PT_JPL_ETinstUncertainty_ContinuousLayer_Description
31.7365,-109.9419,2018-08-07 20:20:02 UTC,00498,002,0601,True,166.1834717,35.4947205,0b00000000000000000000000000100011,0b0,Continuous
31.7365,-109.9419,2018-08-14 17:29:41 UTC,00605,002,0601,True,424.9263916,138.6884918,0b00000000000000000000000010001010,0b0,Continuous
31.7365,-109.9419,2018-08-28 19:55:29 UTC,00824,016,0601,True,339.6010437,105.9982834,0b00000000000000000000000001101001,0b0,Continuous
31.7365,-109.9419,2018-08-31 18:56:02 UTC,00870,010,0601,True,364.9042664,107.288208,0b00000000000000000000000001101011,0b0,Continuous
31.7365,-109.9419,2018-09-07 16:04:38 UTC,00977,013,0601,True,288.2114563,93.8573837,0b00000000000000000000000001011101,0b0,Continuous
31.7365,-109.9419,2018-09-14 13:13:58 UTC,01084,012,0601,True,67.6176071,,,,
31.7365,-109.9419,2019-02-17 23:19:38 UTC,03516,006,0601,True,37.7113686,84.7005234,0b00000000000000000000000001010100,0b0,Continuous
31.7365,-109.9419,2019-02-21 21:30:18 UTC,03577,010,0601,True,29.0103722,10.4987698,0b00000000000000000000000000001010,0b0,Continuous
31.7365,-109.9419,2019-02-24 20:32:34 UTC,03623,008,0601,True,149.2677765,120.5381012,0b00000000000000000000000001111000,0b0,Continuous
31.7365,-109.9419,2019-02-28 18:44:52 UTC,03684,010,0601,True,159.585083,63.0989876,0b00000000000000000000000000111111,0b0,Continuous
31.7365,-109.9419,2019-03-03 17:48:53 UTC,03730,010,0601,True,129.9294739,38.1745224,0b00000000000000000000000000100110,0b0,Continuous
31.7365,-109.9419,2019-05-26 00:20:14 UTC,05024,003,0601,True,53.5315628,48.7733345,0b00000000000000000000000000110000,0b0,Continuous
31.7365,-109.9419,2019-06-01 21:47:09 UTC,05131,003,0601,True,113.450325,46.5813789,0b00000000000000000000000000101110,0b0,Continuous
31.7365,-109.9419,2019-06-05 20:05:56 UTC,05192,003,0601,True,124.9735184,40.2244759,0b00000000000000000000000000101000,0b0,Continuous
31.7365,-109.9419,2019-06-09 18:25:07 UTC,05253,001,0601,True,132.2724304,54.4015312,0b00000000000000000000000000110110,0b0,Continuous
31.7365,-109.9419,2019-06-12 17:32:51 UTC,05299,001,0601,True,98.6915436,17.3728638,0b00000000000000000000000000010001,0b0,Continuous
31.7365,-109.9419,2019-06-14 00:52:36 UTC,05319,011,0601,True,37.3600197,65.3009567,0b00000000000000000000000001000001,0b0,Continuous
31.7365,-109.9419,2019-06-16 15:51:26 UTC,05360,001,0601,True,78.6410675,21.4373646,0b00000000000000000000000000010101,0b0,Continuous
31.7365,-109.9419,2019-06-17 00:00:10 UTC,05365,007,0601,True,56.7448883,60.9454117,0b00000000000000000000000000111100,0b0,Continuous
31.7365,-109.9419,2019-06-20 14:10:26 UTC,05421,002,0601,True,57.1640053,14.9474955,0b00000000000000000000000000001110,0b0,Continuous
31.7365,-109.9419,2019-06-20 22:19:23 UTC,05426,013,0601,True,83.5808716,77.6537018,0b00000000000000000000000001001101,0b0,Continuous
31.7365,-109.9419,2019-06-23 13:18:07 UTC,05467,001,0601,True,28.8740692,11.0545254,0b00000000000000000000000000001011,0b0,Continuous
31.7365,-109.9419,2019-07-01 18:04:36 UTC,05594,013,0601,True,110.6069641,36.4153137,0b00000000000000000000000000100100,0b0,Continuous
31.7365,-109.9419,2019-07-05 16:23:35 UTC,05655,012,0601,True,187.4480438,77.1358261,0b00000000000000000000000001001101,0b0,Continuous
31.7365,-109.9419,2019-07-09 14:43:24 UTC,05716,012,0601,True,104.1469421,23.9497547,0b00000000000000000000000000010111,0b0,Continuous
31.7365,-109.9419,2019-07-26 23:50:02 UTC,05986,001,0601,True,166.1125183,51.5346832,0b00000000000000000000000000110011,0b0,Continuous
31.7365,-109.9419,2019-07-30 22:09:40 UTC,06047,001,0601,True,239.2058258,56.3540726,0b00000000000000000000000000111000,0b0,Continuous
31.7365,-109.9419,2019-08-21 13:47:44 UTC,06383,001,0601,True,119.9519272,27.0383854,0b00000000000000000000000000011011,0b0,Continuous
31.7365,-109.9419,2019-08-25 20:18:55 UTC,06449,010,0601,True,281.8614502,68.6833267,0b00000000000000000000000001000100,0b0,Continuous
31.7365,-109.9419,2019-09-02 17:02:23 UTC,06571,014,0601,True,360.1582336,93.235611,0b00000000000000000000000001011101,0b0,Continuous
31.7365,-109.9419,2019-09-06 15:23:39 UTC,06632,013,0601,True,285.1062012,79.8632355,0b00000000000000000000000001001111,0b0,Continuous
31.7365,-109.9419,2019-09-10 13:45:33 UTC,06693,014,0601,True,128.9098053,75.2541428,0b00000000000000000000000001001011,0b0,Continuous
31.7365,-109.9419,2019-09-27 23:05:28 UTC,06963,001,0601,True,183.0369263,44.7933197,0b00000000000000000000000000101100,0b0,Continuous
31.7365,-109.9419,2019-10-01 21:28:22 UTC,07024,001,0601,True,230.3123627,76.5945282,0b00000000000000000000000001001100,0b0,Continuous
31.7365,-109.9419,2019-10-05 19:51:04 UTC,07085,001,0601,True,249.9078064,70.2557526,0b00000000000000000000000001000110,0b0,Continuous
31.7365,-109.9419,2019-10-09 18:13:47 UTC,07146,001,0601,True,230.3747406,54.3320732,0b00000000000000000000000000110110,0b0,Continuous
31.7365,-109.9419,2019-10-17 23:08:20 UTC,07273,015,0601,True,71.8159866,46.6738739,0b00000000000000000000000000101110,0b0,Continuous
31.7365,-109.9419,2019-10-20 14:09:24 UTC,07314,001,0601,True,37.1390724,22.209795,0b00000000000000000000000000010110,0b0,Continuous
31.7365,-109.9419,2019-10-21 21:30:47 UTC,07334,014,0601,True,122.9040833,32.4827118,0b00000000000000000000000000100000,0b0,Continuous
31.7365,-109.9419,2019-10-25 19:53:07 UTC,07395,014,0601,True,129.1943512,27.7684517,0b00000000000000000000000000011011,0b0,Continuous
31.7365,-109.9419,2019-10-29 18:15:23 UTC,07456,014,0601,True,87.6954575,21.5785732,0b00000000000000000000000000010101,0b0,Continuous
31.7365,-109.9419,2019-11-01 17:26:01 UTC,07502,013,0601,True,90.5213623,13.7327261,0b00000000000000000000000000001101,0b0,Continuous
31.7365,-109.9419,2019-11-05 15:48:07 UTC,07563,014,0601,True,86.2227554,32.6151466,0b00000000000000000000000000100000,0b0,Continuous
31.7365,-109.9419,2019-11-09 14:11:17 UTC,07624,015,0601,True,56.6459045,22.6571522,0b00000000000000000000000000010110,0b0,Continuous
31.7365,-109.9419,2019-12-01 21:08:54 UTC,07970,001,0601,True,80.4508209,21.3301201,0b00000000000000000000000000010101,0b0,Continuous
31.7365,-109.9419,2019-12-05 19:31:55 UTC,08031,001,0601,True,183.2025604,78.1613541,0b00000000000000000000000001001110,0b0,Continuous
31.7365,-109.9419,2019-12-09 17:54:53 UTC,08092,001,0601,True,151.6546478,60.027359,0b00000000000000000000000000111100,0b0,Continuous
31.7365,-109.9419,2019-12-12 17:05:38 UTC,08138,001,0601,True,114.3719406,48.7611694,0b00000000000000000000000000110000,0b0,Continuous
31.7365,-109.9419,2019-12-17 22:49:39 UTC,08219,012,0601,True,32.7253494,10.1671972,0b00000000000000000000000000001010,0b0,Continuous
31.7365,-109.9419,2020-01-01 17:12:04 UTC,08448,014,0601,True,100.0699768,50.8397675,0b00000000000000000000000000110010,0b0,Continuous
31.7365,-109.9419,2020-01-05 15:36:49 UTC,08509,011,0601,True,64.3570709,35.150589,0b00000000000000000000000000100011,0b0,Continuous
31.7365,-109.9419,2020-01-24 00:20:02 UTC,08794,001,0601,True,20.0220642,6.9201097,0b00000000000000000000000000000110,0b0,Continuous
31.7365,-109.9419,2020-01-27 22:46:51 UTC,08855,001,0601,True,36.1798134,11.0117426,0b00000000000000000000000000001011,0b0,Continuous
31.7365,-109.9419,2020-01-31 21:13:25 UTC,08916,001,0601,True,49.4567223,20.8070679,0b00000000000000000000000000010100,0b0,Continuous
31.7365,-109.9419,2020-02-08 18:06:24 UTC,09038,001,0601,True,103.3438416,108.955864,0b00000000000000000000000001101100,0b0,Continuous
31.7365,-109.9419,2020-02-13 23:55:16 UTC,09119,012,0601,True,18.6502247,67.1629562,0b00000000000000000000000001000011,0b0,Continuous
31.7365,-109.9419,2020-02-25 19:14:05 UTC,09302,010,0601,True,76.6716843,53.0859642,0b00000000000000000000000000110101,0b0,Continuous
31.7365,-109.9419,2020-03-30 21:50:45 UTC,09831,001,0601,True,74.7340851,30.819067,0b00000000000000000000000000011110,0b0,Continuous
31.7365,-109.9419,2020-04-07 18:46:41 UTC,09953,001,0601,True,103.3115311,43.6870956,0b00000000000000000000000000101011,0b0,Continuous
31.7365,-109.9419,2020-04-11 17:14:50 UTC,10014,001,0601,True,126.3555298,54.2775383,0b00000000000000000000000000110110,0b0,Continuous
31.7365,-109.9419,2020-04-15 15:42:56 UTC,10075,001,0601,True,142.7691803,,,,
31.7365,-109.9419,2020-04-20 13:23:51 UTC,10151,002,0601,True,58.0558624,23.8435459,0b00000000000000000000000000010111,0b0,Continuous
31.7365,-109.9419,2020-04-20 21:33:22 UTC,10156,016,0601,True,64.7230377,17.1390934,0b00000000000000000000000000010001,0b0,Continuous
31.7365,-109.9419,2020-04-28 18:25:03 UTC,10278,014,0601,True,116.7769318,22.7593803,0b00000000000000000000000000010110,0b0,Continuous
31.7365,-109.9419,2020-05-06 15:16:26 UTC,10400,013,0601,True,70.9132385,13.052247,0b00000000000000000000000000001101,0b0,Continuous
31.7365,-109.9419,2020-05-21 01:36:48 UTC,10624,001,0601,True,32.9073372,26.1867828,0b00000000000000000000000000011010,0b0,Continuous
31.7365,-109.9419,2020-05-25 00:02:21 UTC,10685,001,0601,True,81.8115692,65.4757996,0b00000000000000000000000001000001,0b0,Continuous
31.7365,-109.9419,2020-05-28 22:27:53 UTC,10746,001,0601,True,135.553421,44.9958801,0b00000000000000000000000000101100,0b0,Continuous
31.7365,-109.9419,2020-06-09 17:44:28 UTC,10929,001,0601,True,115.0919037,16.747448,0b00000000000000000000000000010000,0b0,Continuous
31.7365,-109.9419,2020-06-10 01:53:47 UTC,10934,015,0601,True,24.1176319,24.5834732,0b00000000000000000000000000011000,0b0,Continuous
31.7365,-109.9419,2020-06-13 16:09:50 UTC,10990,001,0601,True,110.3070908,20.6843376,0b00000000000000000000000000010100,0b0,Continuous
31.7365,-109.9419,2020-06-17 14:35:12 UTC,11051,001,0601,True,82.7939072,20.7512074,0b00000000000000000000000000010100,0b0,Continuous
31.7365,-109.9419,2020-06-17 22:44:21 UTC,11056,009,0601,True,114.5154266,78.5982437,0b00000000000000000000000001001110,0b0,Continuous
31.7365,-109.9419,2020-06-21 13:00:35 UTC,11112,001,0601,True,46.5303535,14.4703741,0b00000000000000000000000000001110,0b0,Continuous
31.7365,-109.9419,2020-06-21 21:10:13 UTC,11117,009,0601,True,143.0323029,57.8665657,0b00000000000000000000000000111001,0b0,Continuous
31.7365,-109.9419,2020-06-25 19:35:33 UTC,11178,015,0601,True,142.5015717,22.096571,0b00000000000000000000000000010110,0b0,Continuous
31.7365,-109.9419,2020-07-29 22:02:07 UTC,11707,001,0601,True,154.3536682,26.8611813,0b00000000000000000000000000011010,0b0,Continuous
31.7365,-109.9419,2020-08-06 18:55:24 UTC,11829,003,0601,True,144.2459869,35.2548523,0b00000000000000000000000000100011,0b0,Continuous
31.7365,-109.9419,2020-08-10 17:21:50 UTC,11890,003,0601,True,208.7509918,75.7653961,0b00000000000000000000000001001011,0b0,Continuous
31.7365,-109.9419,2020-08-18 14:14:37 UTC,12012,004,0601,True,97.2594299,23.6902218,0b00000000000000000000000000010111,0b0,Continuous
31.7365,-109.9419,2020-08-19 21:37:14 UTC,12032,013,0601,True,101.7189865,19.7901897,0b00000000000000000000000000010011,0b0,Continuous
31.7365,-109.9419,2020-08-27 18:29:54 UTC,12154,013,0601,True,110.4238358,12.9090118,0b00000000000000000000000000001100,0b0,Continuous
31.7365,-109.9419,2020-09-26 22:42:08 UTC,12622,004,0601,True,14.0787611,153.297821,0b00000000000000000000000010011001,0b0,Continuous
31.7365,-109.9419,2020-09-27 21:54:32 UTC,12637,003,0601,True,52.7119598,37.9045181,0b00000000000000000000000000100101,0b0,Continuous
31.7365,-109.9419,2020-09-30 21:10:05 UTC,12683,004,0601,True,59.2848778,20.5899258,0b00000000000000000000000000010100,0b0,Continuous
31.7365,-109.9419,2020-10-01 20:23:04 UTC,12698,003,0601,True,57.5385895,9.3752546,0b00000000000000000000000000001001,0b0,Continuous
31.7365,-109.9419,2020-10-05 18:50:41 UTC,12759,003,0601,True,60.9902382,19.4992447,0b00000000000000000000000000010011,0b0,Continuous
31.7365,-109.9419,2020-10-09 17:17:24 UTC,12820,001,0601,True,54.6931953,16.131712,0b00000000000000000000000000010000,0b0,Continuous
31.7365,-109.9419,2020-10-16 14:56:17 UTC,12927,003,0601,True,36.2860947,8.9499893,0b00000000000000000000000000001000,0b0,Continuous
31.7365,-109.9419,2020-10-17 14:09:09 UTC,12942,003,0601,True,28.9456406,15.8413105,0b00000000000000000000000000001111,0b0,Continuous
31.7365,-109.9419,2020-10-17 22:18:32 UTC,12947,014,0601,True,39.8191833,5.6168261,0b00000000000000000000000000000101,0b0,Continuous
31.7365,-109.9419,2020-10-21 20:44:33 UTC,13008,011,0601,True,51.7241783,9.9767075,0b00000000000000000000000000001001,0b0,Continuous
31.7365,-109.9419,2020-11-02 16:01:28 UTC,13191,007,0601,True,76.913475,22.1326599,0b00000000000000000000000000010110,0b0,Continuous
31.7365,-109.9419,2020-11-24 23:16:39 UTC,13537,001,0601,True,27.7367172,27.3798599,0b00000000000000000000000000011011,0b0,Continuous
31.7365,-109.9419,2020-11-28 21:43:31 UTC,13598,001,0601,True,36.0558624,14.7460985,0b00000000000000000000000000001110,0b0,Continuous
31.7365,-109.9419,2020-12-02 20:10:10 UTC,13659,002,0601,True,40.8247032,43.1700058,0b00000000000000000000000000101011,0b0,Continuous
31.7365,-109.9419,2020-12-06 18:36:35 UTC,13720,001,0601,True,67.5638351,66.1707077,0b00000000000000000000000001000010,0b0,Continuous
31.7365,-109.9419,2020-12-10 17:03:00 UTC,13781,003,0601,True,57.7124519,24.2927895,0b00000000000000000000000000011000,0b0,Continuous
31.7365,-109.9419,2020-12-15 22:51:47 UTC,13862,013,0601,True,27.6266708,89.9622803,0b00000000000000000000000001011001,0b0,Continuous
31.7365,-109.9419,2020-12-19 21:18:06 UTC,13923,013,0601,True,42.797596,8.9040728,0b00000000000000000000000000001000,0b0,Continuous
31.7365,-109.9419,2020-12-23 19:44:20 UTC,13984,012,0601,True,45.664238,18.6769447,0b00000000000000000000000000010010,0b0,Continuous
31.7365,-109.9419,2020-12-31 16:36:31 UTC,14106,011,0601,True,64.0991058,22.2817459,0b00000000000000000000000000010110,0b0,Continuous
31.7365,-109.9419,2021-01-22 23:50:44 UTC,14452,003,0601,True,51.1221199,67.1279373,0b00000000000000000000000001000011,0b0,Continuous
31.7365,-109.9419,2021-01-30 20:45:39 UTC,14574,003,0601,True,70.2978745,107.8615799,0b00000000000000000000000001101011,0b0,Continuous
31.7365,-109.9419,2021-02-03 19:13:00 UTC,14635,003,0601,True,228.9601135,92.0884399,0b00000000000000000000000001011100,0b0,Continuous
31.7365,-109.9419,2021-02-11 16:07:23 UTC,14757,003,0601,True,77.3762512,32.060154,0b00000000000000000000000000100000,0b0,Continuous
31.7365,-109.9419,2021-02-20 20:24:19 UTC,14899,012,0601,True,56.0686874,22.8935318,0b00000000000000000000000000010110,0b0,Continuous
31.7365,-109.9419,2021-02-24 18:51:27 UTC,14960,012,0601,True,81.0164719,24.3249054,0b00000000000000000000000000011000,0b0,Continuous
31.7365,-109.9419,2021-02-28 17:18:17 UTC,15021,014,0601,True,91.5286713,83.9759979,0b00000000000000000000000001010011,0b0,Continuous
31.7365,-109.9419,2021-03-04 15:45:17 UTC,15082,014,0601,True,80.2314758,71.1093521,0b00000000000000000000000001000111,0b0,Continuous
31.7365,-109.9419,2021-03-30 21:32:40 UTC,15490,003,0601,True,50.7196503,153.6552734,0b00000000000000000000000010011001,0b0,Continuous
31.7365,-109.9419,2021-04-04 19:13:14 UTC,15566,003,0601,True,54.5541306,158.489212,0b00000000000000000000000010011110,0b0,Continuous
31.7365,-109.9419,2021-04-08 17:40:46 UTC,15628,003,0601,True,60.4254227,117.0279312,0b00000000000000000000000001110101,0b0,Continuous
31.7365,-109.9419,2021-04-20 13:03:06 UTC,15811,001,0601,True,25.6791382,103.3744659,0b00000000000000000000000001100111,0b0,Continuous
31.7365,-109.9419,2021-04-20 21:12:43 UTC,15816,013,0601,True,32.8087082,54.6914368,0b00000000000000000000000000110110,0b0,Continuous
31.7365,-109.9419,2021-04-24 19:40:01 UTC,15877,012,0601,True,43.0524521,50.4004288,0b00000000000000000000000000110010,0b0,Continuous
31.7365,-109.9419,2021-05-02 16:34:22 UTC,15999,013,0601,True,62.8700485,54.6033134,0b00000000000000000000000000110110,0b0,Continuous
31.7365,-109.9419,2021-05-06 15:01:30 UTC,16060,015,0601,True,65.5199585,81.491188,0b00000000000000000000000001010001,0b0,Continuous
35.4106,-99.0588,2018-07-29 23:20:24 UTC,00360,002,0601,True,155.9134674,39.3819809,0b00000000000000000000000000100111,0b0,Continuous
35.4106,-99.0588,2018-08-01 22:20:33 UTC,00406,003,0601,True,293.285614,62.7833557,0b00000000000000000000000000111110,0b0,Continuous
35.4106,-99.0588,2018-08-05 20:29:38 UTC,00467,006,0601,True,451.2853394,138.4337006,0b00000000000000000000000010001010,0b0,Continuous
35.4106,-99.0588,2018-08-16 23:55:04 UTC,00640,012,0601,True,134.6617889,47.4424095,0b00000000000000000000000000101111,0b0,Continuous
35.4106,-99.0588,2018-08-20 22:03:07 UTC,00701,009,0601,True,295.1608887,102.5256577,0b00000000000000000000000001100110,0b0,Continuous
35.4106,-99.0588,2018-08-22 13:49:03 UTC,00727,006,0601,True,177.1396027,77.141983,0b00000000000000000000000001001101,0b0,Continuous
35.4106,-99.0588,2018-08-23 21:04:00 UTC,00747,009,0601,True,444.3802185,120.1849899,0b00000000000000000000000001111000,0b0,Continuous
35.4106,-99.0588,2018-08-25 12:49:38 UTC,00773,004,0601,True,161.7361145,,,,
35.4106,-99.0588,2018-08-27 19:12:38 UTC,00808,009,0601,True,545.5720825,222.837265,0b00000000000000000000000011011110,0b0,Continuous
35.4106,-99.0588,2018-08-30 18:13:10 UTC,00854,009,0601,True,508.1820984,157.3286896,0b00000000000000000000000010011101,0b0,Continuous
35.4106,-99.0588,2018-09-02 17:12:49 UTC,00900,008,0601,True,526.8026733,219.7688904,0b00000000000000000000000011011011,0b0,Continuous
35.4106,-99.0588,2018-09-09 14:22:18 UTC,01007,009,0601,True,240.0794373,83.9007874,0b00000000000000000000000001010011,0b0,Continuous
35.4106,-99.0588,2018-09-13 12:31:07 UTC,01068,009,0601,True,172.9926147,24.9989796,0b00000000000000000000000000011000,0b0,Continuous
35.4106,-99.0588,2018-09-27 23:27:51 UTC,01293,006,0601,True,160.4367828,27.9269657,0b00000000000000000000000000011011,0b0,Continuous
35.4106,-99.0588,2019-03-09 14:20:33 UTC,03821,009,0601,True,70.6756439,75.3500595,0b00000000000000000000000001001011,0b0,Continuous
35.4106,-99.0588,2019-06-09 01:47:14 UTC,05242,006,0601,True,147.9993591,,,,
35.4106,-99.0588,2019-06-12 00:55:40 UTC,05288,008,0601,True,142.5762024,41.4192429,0b00000000000000000000000000101001,0b0,Continuous
35.4106,-99.0588,2019-06-17 15:04:36 UTC,05375,003,0601,True,399.0290527,137.9589844,0b00000000000000000000000010001001,0b0,Continuous
35.4106,-99.0588,2019-06-19 21:33:34 UTC,05410,005,0601,True,424.2093201,96.4227676,0b00000000000000000000000001100000,0b0,Continuous
35.4106,-99.0588,2019-06-21 13:23:18 UTC,05436,004,0601,True,251.2941742,59.4987946,0b00000000000000000000000000111011,0b0,Continuous
35.4106,-99.0588,2019-07-24 00:43:55 UTC,05940,003,0601,True,121.772995,24.0248108,0b00000000000000000000000000011000,0b0,Continuous
35.4106,-99.0588,2019-07-27 23:03:15 UTC,06001,003,0601,True,297.0905457,64.0644302,0b00000000000000000000000001000000,0b0,Continuous
35.4106,-99.0588,2019-07-31 21:22:29 UTC,06062,003,0601,True,237.0990295,55.9071579,0b00000000000000000000000000110111,0b0,Continuous
35.4106,-99.0588,2019-08-07 18:50:27 UTC,06169,003,0601,True,468.5066833,121.6888733,0b00000000000000000000000001111001,0b0,Continuous
35.4106,-99.0588,2019-08-10 01:19:45 UTC,06204,007,0601,True,96.6416855,,,,
35.4106,-99.0588,2019-08-11 17:09:47 UTC,06230,003,0601,True,416.1708984,97.3874207,0b00000000000000000000000001100001,0b0,Continuous
35.4106,-99.0588,2019-08-13 23:38:25 UTC,06265,005,0601,True,172.0827637,37.1362343,0b00000000000000000000000000100101,0b0,Continuous
35.4106,-99.0588,2019-08-14 16:18:09 UTC,06276,005,0600,True,379.7100525,19.1868305,0b00000000000000000000000000010011,0b0,Continuous
35.4106,-99.0588,2019-08-16 22:48:05 UTC,06311,005,0601,True,185.0016785,50.7088966,0b00000000000000000000000000110010,0b0,Continuous
35.4106,-99.0588,2019-08-24 19:31:55 UTC,06433,005,0600,True,275.1224976,40.4561806,0b00000000000000000000000000101000,0b0,Continuous
35.4106,-99.0588,2019-08-28 17:54:00 UTC,06494,005,0601,True,350.5463562,71.7648163,0b00000000000000000000000001000111,0b0,Continuous
35.4106,-99.0588,2019-09-01 16:14:53 UTC,06555,004,0601,True,404.6517639,129.1040955,0b00000000000000000000000010000001,0b0,Continuous
35.4106,-99.0588,2019-09-01 16:15:45 UTC,06555,005,0601,True,429.0422974,139.5350494,0b00000000000000000000000010001011,0b0,Continuous
35.4106,-99.0588,2019-09-04 15:25:36 UTC,06601,009,0601,True,306.5685425,106.5251541,0b00000000000000000000000001101010,0b0,Continuous
35.4106,-99.0588,2019-10-02 20:42:22 UTC,07039,003,0601,True,377.1698914,80.1920013,0b00000000000000000000000001010000,0b0,Continuous
35.4106,-99.0588,2019-10-06 19:05:12 UTC,07100,003,0601,True,262.0707703,35.5314484,0b00000000000000000000000000100011,0b0,Continuous
35.4106,-99.0588,2019-10-16 22:21:20 UTC,07257,006,0601,True,112.5835953,26.3527355,0b00000000000000000000000000011010,0b0,Continuous
35.4106,-99.0588,2019-10-18 14:12:21 UTC,07283,003,0601,True,118.1029053,18.6054802,0b00000000000000000000000000010010,0b0,Continuous
35.4106,-99.0588,2019-10-19 21:31:41 UTC,07303,010,0601,True,127.9741364,51.9754982,0b00000000000000000000000000110011,0b0,Continuous
35.4106,-99.0588,2019-10-20 20:43:09 UTC,07318,004,0601,True,158.8625031,65.1450424,0b00000000000000000000000001000001,0b0,Continuous
35.4106,-99.0588,2019-10-27 18:17:04 UTC,07425,008,0601,True,207.167984,37.9444771,0b00000000000000000000000000100101,0b0,Continuous
35.4106,-99.0588,2019-11-04 15:01:34 UTC,07547,011,0601,True,108.614502,54.9138947,0b00000000000000000000000000110110,0b0,Continuous
35.4106,-99.0588,2019-11-08 13:23:26 UTC,07608,008,0601,True,35.8193359,39.8288078,0b00000000000000000000000000100111,0b0,Continuous
35.4106,-99.0588,2019-12-10 17:08:52 UTC,08107,003,0601,True,141.4924316,67.5010757,0b00000000000000000000000001000011,0b0,Continuous
35.4106,-99.0588,2020-02-06 18:07:31 UTC,09007,005,0601,True,141.8799896,54.2432442,0b00000000000000000000000000110110,0b0,Continuous
35.4106,-99.0588,2020-02-27 17:39:57 UTC,09332,011,0601,True,198.4320068,86.3869781,0b00000000000000000000000001010110,0b0,Continuous
35.4106,-99.0588,2020-04-08 18:02:02 UTC,09968,003,0601,True,246.9395599,69.5538635,0b00000000000000000000000001000101,0b0,Continuous
35.4106,-99.0588,2020-04-15 22:16:59 UTC,10079,007,0601,True,139.630661,34.9331055,0b00000000000000000000000000100010,0b0,Continuous
35.4106,-99.0588,2020-04-27 17:36:40 UTC,10262,007,0601,True,351.6186218,87.8437729,0b00000000000000000000000001010111,0b0,Continuous
35.4106,-99.0588,2020-04-30 16:50:07 UTC,10308,012,0601,True,320.0189514,88.4208832,0b00000000000000000000000001011000,0b0,Continuous
35.4106,-99.0588,2020-05-22 00:51:30 UTC,10639,003,0601,True,144.3336639,39.0665207,0b00000000000000000000000000100111,0b0,Continuous
35.4106,-99.0588,2020-06-09 01:06:33 UTC,10918,009,0601,True,107.0111465,,,,
35.4106,-99.0588,2020-06-14 15:24:02 UTC,11005,004,0601,True,313.2922058,128.4375,0b00000000000000000000000010000000,0b0,Continuous
35.4106,-99.0588,2020-06-16 21:57:21 UTC,11040,009,0601,True,282.1676941,62.9568443,0b00000000000000000000000000111110,0b0,Continuous
35.4106,-99.0588,2020-06-20 20:22:41 UTC,11101,011,0601,True,524.0141602,183.6003876,0b00000000000000000000000010110111,0b0,Continuous
35.4106,-99.0588,2020-06-24 18:47:58 UTC,11162,011,0601,True,429.5729065,127.5940857,0b00000000000000000000000001111111,0b0,Continuous
35.4106,-99.0588,2020-06-28 17:13:15 UTC,11223,009,0601,True,507.8828735,78.3506851,0b00000000000000000000000001001110,0b0,Continuous
35.4106,-99.0588,2020-07-20 01:14:00 UTC,11554,004,0601,True,87.6763916,,,,
35.4106,-99.0588,2020-07-30 21:17:00 UTC,11722,003,0601,True,277.3552551,60.9338226,0b00000000000000000000000000111100,0b0,Continuous
35.4106,-99.0588,2020-07-31 20:29:41 UTC,11737,003,0601,True,322.2223206,73.8195877,0b00000000000000000000000001001001,0b0,Continuous
35.4106,-99.0588,2020-08-04 18:56:33 UTC,11798,003,0601,True,554.2626343,149.8488464,0b00000000000000000000000010010101,0b0,Continuous
35.4106,-99.0588,2020-08-07 01:29:04 UTC,11833,013,0601,True,158.3778076,,,,
35.4106,-99.0588,2020-08-07 18:10:13 UTC,11844,005,0601,True,524.5279541,117.9307022,0b00000000000000000000000001110101,0b0,Continuous
35.4106,-99.0588,2020-08-10 00:43:22 UTC,11879,013,0601,True,140.4225922,57.9682999,0b00000000000000000000000000111001,0b0,Continuous
35.4106,-99.0588,2020-08-10 23:55:46 UTC,11894,012,0601,True,177.427475,45.0581779,0b00000000000000000000000000101101,0b0,Continuous
35.4106,-99.0588,2020-08-11 16:36:42 UTC,11905,005,0601,True,462.6940308,140.6946564,0b00000000000000000000000010001100,0b0,Continuous
35.4106,-99.0588,2020-08-14 22:22:01 UTC,11955,008,0601,True,255.4385834,47.0228729,0b00000000000000000000000000101111,0b0,Continuous
35.4106,-99.0588,2020-08-18 20:48:32 UTC,12016,011,0601,True,357.017334,,,,
35.4106,-99.0588,2020-09-21 00:15:08 UTC,12530,005,0601,True,59.2960434,,,,
35.4106,-99.0588,2020-09-24 22:42:40 UTC,12591,005,0601,True,152.7415009,25.7794304,0b00000000000000000000000000011001,0b0,Continuous
35.4106,-99.0588,2020-09-28 21:10:03 UTC,12652,007,0601,True,170.1929169,49.8871346,0b00000000000000000000000000110001,0b0,Continuous
35.4106,-99.0588,2020-10-02 19:37:48 UTC,12713,005,0601,True,209.1085815,52.269165,0b00000000000000000000000000110100,0b0,Continuous
35.4106,-99.0588,2020-10-06 18:05:36 UTC,12774,006,0601,True,268.9112244,87.0807266,0b00000000000000000000000001010111,0b0,Continuous
35.4106,-99.0588,2020-10-10 16:31:51 UTC,12835,005,0601,True,283.39328,91.4313889,0b00000000000000000000000001011011,0b0,Continuous
35.4106,-99.0588,2020-10-12 23:04:13 UTC,12870,011,0601,True,78.6241608,15.381485,0b00000000000000000000000000001111,0b0,Continuous
35.4106,-99.0588,2020-10-14 14:57:40 UTC,12896,004,0601,True,167.8690491,39.2694817,0b00000000000000000000000000100111,0b0,Continuous
35.4106,-99.0588,2020-10-17 14:10:53 UTC,12942,005,0601,True,91.2836227,15.8835173,0b00000000000000000000000000001111,0b0,Continuous
35.4106,-99.0588,2020-10-19 20:43:48 UTC,12977,014,0601,True,116.6838608,26.4135151,0b00000000000000000000000000011010,0b0,Continuous
35.4106,-99.0588,2020-10-20 19:55:58 UTC,12992,012,0601,True,103.611084,35.8942337,0b00000000000000000000000000100011,0b0,Continuous
35.4106,-99.0588,2020-10-24 18:21:47 UTC,13053,011,0601,True,134.227005,56.7039528,0b00000000000000000000000000111000,0b0,Continuous
35.4106,-99.0588,2020-10-31 16:01:07 UTC,13160,006,0601,True,182.7811127,87.1965561,0b00000000000000000000000001010111,0b0,Continuous
35.4106,-99.0588,2020-11-01 15:13:10 UTC,13175,006,0601,True,136.4837799,89.7966614,0b00000000000000000000000001011001,0b0,Continuous
35.4106,-99.0588,2020-11-25 22:31:40 UTC,13552,003,0601,True,52.8493004,13.183279,0b00000000000000000000000000001101,0b0,Continuous
35.4106,-99.0588,2020-12-25 18:10:05 UTC,14014,009,0601,True,161.2871399,37.4786072,0b00000000000000000000000000100101,0b0,Continuous
35.4106,-99.0588,2021-02-04 18:28:01 UTC,14650,005,0601,True,133.5630646,51.2575951,0b00000000000000000000000000110011,0b0,Continuous
35.4106,-99.0588,2021-02-26 17:17:32 UTC,14990,009,0601,True,190.5020142,94.3512268,0b00000000000000000000000001011110,0b0,Continuous
35.4106,-99.0588,2021-03-27 22:20:31 UTC,15444,005,0601,True,95.1216583,107.0392685,0b00000000000000000000000001101011,0b0,Continuous
35.4106,-99.0588,2021-03-28 21:33:13 UTC,15459,005,0601,True,133.895813,34.9148712,0b00000000000000000000000000100010,0b0,Continuous
35.4106,-99.0588,2021-03-31 20:47:34 UTC,15505,005,0601,True,164.8098755,67.2836838,0b00000000000000000000000001000011,0b0,Continuous
35.4106,-99.0588,2021-04-01 20:00:21 UTC,15520,005,0601,True,181.7648926,54.5857086,0b00000000000000000000000000110110,0b0,Continuous
35.4106,-99.0588,2021-04-05 18:28:06 UTC,15581,005,0601,True,271.8882141,68.4390869,0b00000000000000000000000001000100,0b0,Continuous
35.4106,-99.0588,2021-04-08 01:01:19 UTC,15617,011,0601,True,31.3816662,,,,
35.4106,-99.0588,2021-04-13 15:23:00 UTC,15704,005,0601,True,231.7218933,89.5730209,0b00000000000000000000000001011001,0b0,Continuous
38.4133,-120.9508,2018-08-04 22:54:49 UTC,00453,003,0601,True,13.1203003,72.9241943,0b00000000000000000000000001001000,0b0,Continuous
38.4133,-120.9508,2018-08-08 21:03:45 UTC,00514,007,0601,True,18.9322929,40.7570534,0b00000000000000000000000000101000,0b0,Continuous
38.4133,-120.9508,2018-08-11 20:04:30 UTC,00560,004,0601,True,44.7126274,43.5925941,0b00000000000000000000000000101011,0b0,Continuous
38.4133,-120.9508,2018-08-15 18:13:25 UTC,00621,006,0601,True,160.2430725,35.6761246,0b00000000000000000000000000100011,0b0,Continuous
38.4133,-120.9508,2018-08-21 16:14:15 UTC,00713,003,0601,True,167.1490936,69.8025284,0b00000000000000000000000001000101,0b0,Continuous
38.4133,-120.9508,2018-08-21 22:43:23 UTC,00717,016,0601,True,10.8594084,78.4916229,0b00000000000000000000000001001110,0b0,Continuous
38.4133,-120.9508,2018-08-24 21:44:17 UTC,00763,011,0601,True,25.7882366,,,,
38.4133,-120.9508,2018-08-27 20:44:29 UTC,00809,006,0601,True,106.9878006,48.9706345,0b00000000000000000000000000110000,0b0,Continuous
38.4133,-120.9508,2018-08-28 19:52:53 UTC,00824,013,0601,True,142.037323,58.469017,0b00000000000000000000000000111010,0b0,Continuous
38.4133,-120.9508,2018-09-03 17:53:57 UTC,00916,006,0601,True,228.2766571,85.8031998,0b00000000000000000000000001010101,0b0,Continuous
38.4133,-120.9508,2018-09-27 01:53:02 UTC,01279,003,0601,True,24.294836,43.2375336,0b00000000000000000000000000101011,0b0,Continuous
38.4133,-120.9508,2018-09-28 01:01:27 UTC,01294,004,0601,True,18.7940979,43.2744751,0b00000000000000000000000000101011,0b0,Continuous
38.4133,-120.9508,2019-02-11 18:42:30 UTC,03420,003,0601,True,214.7039795,116.8880081,0b00000000000000000000000001110100,0b0,Continuous
38.4133,-120.9508,2019-05-26 01:56:26 UTC,05025,002,0601,True,93.3278961,40.596508,0b00000000000000000000000000101000,0b0,Continuous
38.4133,-120.9508,2019-05-30 00:14:56 UTC,05086,001,0600,True,272.8432312,130.6072693,0b00000000000000000000000010000010,0b0,Continuous
38.4133,-120.9508,2019-06-05 21:41:48 UTC,05193,002,0600,True,337.6188354,259.4793091,0b00000000000000000000000100000011,0b0,Continuous
38.4133,-120.9508,2019-06-06 20:52:19 UTC,05208,001,0601,True,316.0595093,122.7195435,0b00000000000000000000000001111010,0b0,Continuous
38.4133,-120.9508,2019-06-10 02:30:53 UTC,05258,014,0601,True,79.3097305,51.5490913,0b00000000000000000000000000110011,0b0,Continuous
38.4133,-120.9508,2019-06-13 18:19:17 UTC,05315,001,0600,True,288.6268921,220.3686523,0b00000000000000000000000011011100,0b0,Continuous
38.4133,-120.9508,2019-06-16 17:27:23 UTC,05361,001,0601,True,288.1003723,117.635025,0b00000000000000000000000001110101,0b0,Continuous
38.4133,-120.9508,2019-06-16 23:57:34 UTC,05365,004,0600,True,87.5793152,149.7970581,0b00000000000000000000000010010101,0b0,Continuous
38.4133,-120.9508,2019-06-17 16:37:52 UTC,05376,001,0601,True,326.6677246,73.2589111,0b00000000000000000000000001001001,0b0,Continuous
38.4133,-120.9508,2019-06-20 15:46:06 UTC,05422,001,0601,True,289.7896118,136.6081238,0b00000000000000000000000010001000,0b0,Continuous
38.4133,-120.9508,2019-06-20 22:15:55 UTC,05426,009,0601,True,154.934967,64.1781769,0b00000000000000000000000001000000,0b0,Continuous
38.4133,-120.9508,2019-06-23 21:24:42 UTC,05472,011,0601,True,76.9490356,39.1945152,0b00000000000000000000000000100111,0b0,Continuous
38.4133,-120.9508,2019-07-01 18:01:08 UTC,05594,009,0600,True,255.1688995,164.9060211,0b00000000000000000000000010100100,0b0,Continuous
38.4133,-120.9508,2019-07-05 16:20:59 UTC,05655,009,0601,True,264.9329529,117.4642868,0b00000000000000000000000001110101,0b0,Continuous
38.4133,-120.9508,2019-07-24 02:17:09 UTC,05941,001,0601,True,38.8888931,94.9774857,0b00000000000000000000000001011110,0b0,Continuous
38.4133,-120.9508,2019-07-27 01:25:53 UTC,05987,001,0600,True,41.6630135,107.1823959,0b00000000000000000000000001101011,0b0,Continuous
38.4133,-120.9508,2019-07-28 00:36:35 UTC,06002,001,0601,True,26.6277981,61.6763344,0b00000000000000000000000000111101,0b0,Continuous
38.4133,-120.9508,2019-08-03 22:04:42 UTC,06109,001,0601,True,28.545517,36.6371613,0b00000000000000000000000000100100,0b0,Continuous
38.4133,-120.9508,2019-08-10 19:32:41 UTC,06216,001,0600,True,138.0425873,177.8103027,0b00000000000000000000000010110001,0b0,Continuous
38.4133,-120.9508,2019-08-14 17:51:55 UTC,06277,001,0601,True,195.468277,81.1832275,0b00000000000000000000000001010001,0b0,Continuous
38.4133,-120.9508,2019-08-17 23:32:32 UTC,06327,004,0601,True,14.4275742,82.980072,0b00000000000000000000000001010010,0b0,Continuous
38.4133,-120.9508,2019-08-22 14:34:57 UTC,06399,001,0601,True,168.0270081,87.3542557,0b00000000000000000000000001010111,0b0,Continuous
38.4133,-120.9508,2019-08-25 13:45:29 UTC,06445,001,0601,True,77.8872299,33.9326096,0b00000000000000000000000000100001,0b0,Continuous
38.4133,-120.9508,2019-08-25 20:15:27 UTC,06449,006,0600,True,160.0791626,180.1619415,0b00000000000000000000000010110100,0b0,Continuous
38.4133,-120.9508,2019-08-29 18:37:12 UTC,06510,011,0600,True,262.7883301,149.813797,0b00000000000000000000000010010101,0b0,Continuous
38.4133,-120.9508,2019-09-01 17:48:20 UTC,06556,012,0601,True,227.013855,96.3061981,0b00000000000000000000000001100000,0b0,Continuous
38.4133,-120.9508,2019-09-02 16:58:55 UTC,06571,010,0600,True,255.10289,156.0511322,0b00000000000000000000000010011100,0b0,Continuous
38.4133,-120.9508,2019-09-06 15:21:03 UTC,06632,010,0601,True,200.5667267,94.4907761,0b00000000000000000000000001011110,0b0,Continuous
38.4133,-120.9508,2019-09-28 23:53:01 UTC,06979,001,0601,True,25.744751,11.5683966,0b00000000000000000000000000001011,0b0,Continuous
38.4133,-120.9508,2019-10-02 22:15:58 UTC,07040,001,0601,True,71.6646347,31.1847019,0b00000000000000000000000000011111,0b0,Continuous
38.4133,-120.9508,2019-10-06 20:38:40 UTC,07101,001,0601,True,142.8073883,65.7866287,0b00000000000000000000000001000001,0b0,Continuous
38.4133,-120.9508,2019-10-09 19:49:45 UTC,07147,001,0601,True,158.3140564,70.3126755,0b00000000000000000000000001000110,0b0,Continuous
38.4133,-120.9508,2019-10-14 00:42:10 UTC,07212,011,0601,True,45.370369,23.4825058,0b00000000000000000000000000010111,0b0,Continuous
38.4133,-120.9508,2019-10-17 23:04:52 UTC,07273,011,0601,True,46.8973885,22.1076393,0b00000000000000000000000000010110,0b0,Continuous
38.4133,-120.9508,2019-10-21 14:57:08 UTC,07330,001,0601,True,60.8987465,28.707943,0b00000000000000000000000000011100,0b0,Continuous
38.4133,-120.9508,2019-10-21 21:27:19 UTC,07334,010,0601,True,97.1844101,39.6807327,0b00000000000000000000000000100111,0b0,Continuous
38.4133,-120.9508,2019-10-28 19:01:07 UTC,07441,011,0601,True,113.8637009,37.7282066,0b00000000000000000000000000100101,0b0,Continuous
38.4133,-120.9508,2019-11-01 17:23:25 UTC,07502,010,0601,True,134.6348114,57.6936493,0b00000000000000000000000000111001,0b0,Continuous
38.4133,-120.9508,2019-11-05 15:45:31 UTC,07563,011,0601,True,74.5695267,30.5313969,0b00000000000000000000000000011110,0b0,Continuous
38.4133,-120.9508,2019-12-09 19:30:29 UTC,08093,001,0601,True,188.0591736,82.04142,0b00000000000000000000000001010010,0b0,Continuous
38.4133,-120.9508,2019-12-16 23:35:14 UTC,08204,010,0601,True,85.6031189,21.2353153,0b00000000000000000000000000010101,0b0,Continuous
38.4133,-120.9508,2020-01-05 15:34:13 UTC,08509,008,0601,True,52.6656952,24.8268471,0b00000000000000000000000000011000,0b0,Continuous
38.4133,-120.9508,2020-01-28 23:35:09 UTC,08871,001,0601,True,67.9837265,57.6820068,0b00000000000000000000000000111001,0b0,Continuous
38.4133,-120.9508,2020-02-13 17:21:19 UTC,09115,001,0601,True,159.8000641,75.3304672,0b00000000000000000000000001001011,0b0,Continuous
38.4133,-120.9508,2020-02-21 20:45:09 UTC,09241,010,0601,True,273.7553711,118.0042801,0b00000000000000000000000001110110,0b0,Continuous
38.4133,-120.9508,2020-02-25 19:11:29 UTC,09302,007,0601,True,298.3531799,127.0532303,0b00000000000000000000000001111111,0b0,Continuous
38.4133,-120.9508,2020-03-31 22:39:37 UTC,09847,001,0601,True,167.8162384,79.1093369,0b00000000000000000000000001001111,0b0,Continuous
38.4133,-120.9508,2020-04-16 16:32:09 UTC,10091,001,0601,True,245.7613678,107.4170074,0b00000000000000000000000001101011,0b0,Continuous
38.4133,-120.9508,2020-04-23 20:44:12 UTC,10202,011,0601,True,488.6657715,215.8339844,0b00000000000000000000000011010111,0b0,Continuous
38.4133,-120.9508,2020-05-01 17:35:43 UTC,10324,011,0601,True,399.9881287,207.5270081,0b00000000000000000000000011001111,0b0,Continuous
38.4133,-120.9508,2020-05-10 13:39:17 UTC,10461,010,0601,True,99.6294708,45.815258,0b00000000000000000000000000101101,0b0,Continuous
38.4133,-120.9508,2020-05-22 02:25:02 UTC,10640,001,0601,True,61.6662483,32.5650291,0b00000000000000000000000000100000,0b0,Continuous
38.4133,-120.9508,2020-05-26 00:50:46 UTC,10701,001,0601,True,139.1195526,63.1362038,0b00000000000000000000000000111111,0b0,Continuous
38.4133,-120.9508,2020-06-06 20:07:12 UTC,10884,004,0601,True,148.1971283,99.1580887,0b00000000000000000000000001100011,0b0,Continuous
38.4133,-120.9508,2020-06-10 01:51:11 UTC,10934,012,0601,True,49.6242371,52.4006958,0b00000000000000000000000000110100,0b0,Continuous
38.4133,-120.9508,2020-06-14 00:16:32 UTC,10995,003,0601,True,78.3770523,36.9472961,0b00000000000000000000000000100100,0b0,Continuous
38.4133,-120.9508,2020-06-14 16:57:56 UTC,11006,001,0601,True,291.0190735,116.8419113,0b00000000000000000000000001110100,0b0,Continuous
38.4133,-120.9508,2020-06-17 22:41:45 UTC,11056,006,0601,True,79.1644974,64.4692459,0b00000000000000000000000001000000,0b0,Continuous
38.4133,-120.9508,2020-06-18 15:23:15 UTC,11067,004,0601,True,226.435257,57.0050774,0b00000000000000000000000000111001,0b0,Continuous
38.4133,-120.9508,2020-06-21 14:36:37 UTC,11113,001,0601,True,196.7828217,80.9376068,0b00000000000000000000000001010000,0b0,Continuous
38.4133,-120.9508,2020-06-22 13:48:31 UTC,11128,004,0601,True,145.4471741,61.2885666,0b00000000000000000000000000111101,0b0,Continuous
38.4133,-120.9508,2020-06-25 13:01:56 UTC,11174,004,0601,True,101.2522125,41.3635979,0b00000000000000000000000000101001,0b0,Continuous
38.4133,-120.9508,2020-06-25 19:32:05 UTC,11178,011,0601,True,91.2143021,68.8647537,0b00000000000000000000000001000100,0b0,Continuous
38.4133,-120.9508,2020-07-23 01:59:55 UTC,11601,001,0601,True,17.8816643,69.6270142,0b00000000000000000000000001000101,0b0,Continuous
38.4133,-120.9508,2020-07-27 00:25:12 UTC,11662,001,0601,True,29.3992233,32.2704697,0b00000000000000000000000000100000,0b0,Continuous
38.4133,-120.9508,2020-07-30 22:50:53 UTC,11723,001,0601,True,20.5238457,92.47612,0b00000000000000000000000001011100,0b0,Continuous
38.4133,-120.9508,2020-08-03 21:17:24 UTC,11784,001,0601,True,30.0603752,81.0361252,0b00000000000000000000000001010001,0b0,Continuous
38.4133,-120.9508,2020-08-07 19:44:02 UTC,11845,003,0601,True,102.3030548,44.9316444,0b00000000000000000000000000101100,0b0,Continuous
38.4133,-120.9508,2020-08-11 01:29:01 UTC,11895,011,0601,True,13.7817039,101.4536972,0b00000000000000000000000001100101,0b0,Continuous
38.4133,-120.9508,2020-08-11 18:10:30 UTC,11906,003,0601,True,186.8205261,77.7179871,0b00000000000000000000000001001101,0b0,Continuous
38.4133,-120.9508,2020-08-12 00:40:58 UTC,11910,011,0601,True,19.1682472,83.2888412,0b00000000000000000000000001010011,0b0,Continuous
38.4133,-120.9508,2020-08-14 23:55:25 UTC,11956,008,0601,True,23.3221169,25.2032452,0b00000000000000000000000000011001,0b0,Continuous
38.4133,-120.9508,2020-08-15 16:36:54 UTC,11967,001,0601,True,228.4242096,96.0994263,0b00000000000000000000000001100000,0b0,Continuous
38.4133,-120.9508,2020-08-19 21:33:47 UTC,12032,009,0601,True,18.6980324,100.7925568,0b00000000000000000000000001100100,0b0,Continuous
38.4133,-120.9508,2020-08-23 19:59:59 UTC,12093,009,0601,True,62.759922,74.3908997,0b00000000000000000000000001001010,0b0,Continuous
38.4133,-120.9508,2020-08-26 19:14:01 UTC,12139,004,0601,True,121.5570984,51.8827515,0b00000000000000000000000000110011,0b0,Continuous
38.4133,-120.9508,2020-08-27 18:26:26 UTC,12154,009,0601,True,178.9389801,84.3526382,0b00000000000000000000000001010100,0b0,Continuous
38.4133,-120.9508,2020-09-03 16:07:02 UTC,12261,006,0601,True,242.504303,126.6972046,0b00000000000000000000000001111110,0b0,Continuous
38.4133,-120.9508,2020-09-07 14:33:14 UTC,12322,008,0601,True,76.6226654,40.9162064,0b00000000000000000000000000101000,0b0,Continuous
38.4133,-120.9508,2020-09-24 01:03:35 UTC,12577,004,0601,True,22.2319736,59.4117012,0b00000000000000000000000000111011,0b0,Continuous
38.4133,-120.9508,2020-10-01 21:58:46 UTC,12699,005,0601,True,31.4591045,53.7523346,0b00000000000000000000000000110101,0b0,Continuous
38.4133,-120.9508,2020-10-13 00:37:32 UTC,12871,012,0601,True,15.6886635,33.2089081,0b00000000000000000000000000100001,0b0,Continuous
38.4133,-120.9508,2020-10-13 17:18:59 UTC,12882,005,0601,True,156.0050049,65.3605423,0b00000000000000000000000001000001,0b0,Continuous
38.4133,-120.9508,2020-10-13 23:49:16 UTC,12886,012,0601,True,17.2223873,35.2831764,0b00000000000000000000000000100011,0b0,Continuous
38.4133,-120.9508,2020-10-16 23:03:28 UTC,12932,012,0601,True,17.8862038,35.9003258,0b00000000000000000000000000100011,0b0,Continuous
38.4133,-120.9508,2020-10-17 15:44:48 UTC,12943,005,0601,True,102.2007065,44.3812447,0b00000000000000000000000000101100,0b0,Continuous
38.4133,-120.9508,2020-10-17 22:15:04 UTC,12947,010,0601,True,25.8775349,11.6518822,0b00000000000000000000000000001011,0b0,Continuous
38.4133,-120.9508,2020-10-20 21:29:19 UTC,12993,012,0601,True,36.2455711,18.2926598,0b00000000000000000000000000010010,0b0,Continuous
38.4133,-120.9508,2020-10-24 19:55:06 UTC,13054,009,0601,True,95.2672195,27.2719402,0b00000000000000000000000000011011,0b0,Continuous
38.4133,-120.9508,2020-10-28 18:20:51 UTC,13115,010,0601,True,124.3827362,32.7106819,0b00000000000000000000000000100000,0b0,Continuous
38.4133,-120.9508,2020-10-29 17:32:34 UTC,13130,010,0601,True,130.6592102,54.6790085,0b00000000000000000000000000110110,0b0,Continuous
38.4133,-120.9508,2020-11-01 16:46:29 UTC,13176,003,0601,True,103.5061646,39.510025,0b00000000000000000000000000100111,0b0,Continuous
38.4133,-120.9508,2020-11-02 15:58:00 UTC,13191,003,0601,True,99.1676636,40.7805519,0b00000000000000000000000000101000,0b0,Continuous
38.4133,-120.9508,2020-11-05 15:12:03 UTC,13237,011,0601,True,80.3298874,24.772707,0b00000000000000000000000000011000,0b0,Continuous
38.4133,-120.9508,2020-11-26 00:06:01 UTC,13553,004,0601,True,25.9952507,12.2542791,0b00000000000000000000000000001100,0b0,Continuous
38.4133,-120.9508,2021-02-04 20:01:32 UTC,14651,003,0601,True,252.0420532,109.0301056,0b00000000000000000000000001101101,0b0,Continuous
38.4133,-120.9508,2021-02-23 19:35:48 UTC,14945,011,0601,True,232.8667297,80.6828308,0b00000000000000000000000001010000,0b0,Continuous
38.4133,-120.9508,2021-02-27 18:02:46 UTC,15006,002,0601,True,190.3983612,95.371994,0b00000000000000000000000001011111,0b0,Continuous
38.4133,-120.9508,2021-02-28 17:14:49 UTC,15021,010,0601,True,176.5933685,81.7381592,0b00000000000000000000000001010001,0b0,Continuous
38.4133,-120.9508,2021-03-27 23:54:19 UTC,15445,005,0601,True,192.1563568,84.2320251,0b00000000000000000000000001010100,0b0,Continuous
38.4133,-120.9508,2021-03-31 22:21:32 UTC,15506,005,0601,True,322.0750427,134.111084,0b00000000000000000000000010000110,0b0,Continuous
38.4133,-120.9508,2021-04-16 16:11:27 UTC,15751,005,0601,True,237.1709747,104.6205902,0b00000000000000000000000001101000,0b0,Continuous
38.4133,-120.9508,2021-04-20 21:09:15 UTC,15816,009,0601,True,353.0770264,166.4421082,0b00000000000000000000000010100110,0b0,Continuous
38.4133,-120.9508,2021-04-28 18:03:49 UTC,15938,008,0601,True,403.2858582,187.6148529,0b00000000000000000000000010111011,0b0,Continuous
39.2167,-86.5406,2018-08-02 21:31:32 UTC,00421,009,0601,True,158.6651306,77.0214615,0b00000000000000000000000001001101,0b0,Continuous
39.2167,-86.5406,2018-08-12 17:41:53 UTC,00574,009,0601,True,266.3279114,128.2822723,0b00000000000000000000000010000000,0b0,Continuous
39.2167,-86.5406,2018-08-19 21:20:14 UTC,00685,014,0601,True,200.7039948,90.382843,0b00000000000000000000000001011010,0b0,Continuous
39.2167,-86.5406,2018-08-29 17:29:27 UTC,00838,010,0601,True,457.3522034,194.5062256,0b00000000000000000000000011000010,0b0,Continuous
39.2167,-86.5406,2018-09-05 14:38:53 UTC,00945,011,0601,True,320.0892639,146.186142,0b00000000000000000000000010010010,0b0,Continuous
39.2167,-86.5406,2019-05-24 00:27:49 UTC,04993,006,0601,True,73.8539124,39.1184578,0b00000000000000000000000000100111,0b0,Continuous
39.2167,-86.5406,2019-05-30 21:54:48 UTC,05100,006,0601,True,193.6904907,90.7712326,0b00000000000000000000000001011010,0b0,Continuous
39.2167,-86.5406,2019-06-11 00:10:04 UTC,05272,006,0601,True,59.5424156,55.3358917,0b00000000000000000000000000110111,0b0,Continuous
39.2167,-86.5406,2019-06-14 15:59:12 UTC,05329,006,0601,True,535.2808838,226.8872528,0b00000000000000000000000011100010,0b0,Continuous
39.2167,-86.5406,2019-06-25 18:14:07 UTC,05501,007,0601,True,214.7731628,92.9498291,0b00000000000000000000000001011100,0b0,Continuous
39.2167,-86.5406,2019-06-26 10:54:54 UTC,05512,007,0601,True,153.7971497,67.6327744,0b00000000000000000000000001000011,0b0,Continuous
39.2167,-86.5406,2019-06-29 16:32:46 UTC,05562,007,0601,True,254.6287079,138.4575348,0b00000000000000000000000010001010,0b0,Continuous
39.2167,-86.5406,2019-07-07 13:10:58 UTC,05684,007,0601,True,306.4614563,147.9383392,0b00000000000000000000000010010011,0b0,Continuous
39.2167,-86.5406,2019-07-28 22:16:41 UTC,06016,006,0601,True,211.2129211,98.2439041,0b00000000000000000000000001100010,0b0,Continuous
39.2167,-86.5406,2019-08-04 19:44:20 UTC,06123,006,0601,True,324.3879395,150.4039459,0b00000000000000000000000010010110,0b0,Continuous
39.2167,-86.5406,2019-08-16 21:13:19 UTC,06310,007,0601,True,125.1026611,58.9739571,0b00000000000000000000000000111010,0b0,Continuous
39.2167,-86.5406,2019-09-04 13:50:33 UTC,06600,006,0600,True,207.4423218,93.2868576,0b00000000000000000000000001011101,0b0,Continuous
39.2167,-86.5406,2019-09-07 13:00:42 UTC,06646,007,0601,True,121.6104889,65.7557831,0b00000000000000000000000001000001,0b0,Continuous
39.2167,-86.5406,2019-10-04 19:08:30 UTC,07069,008,0601,True,139.0502777,114.9380951,0b00000000000000000000000001110010,0b0,Continuous
39.2167,-86.5406,2019-10-18 20:45:20 UTC,07287,007,0601,True,171.3063049,70.0259323,0b00000000000000000000000001000110,0b0,Continuous
39.2167,-86.5406,2019-10-23 18:19:10 UTC,07363,007,0601,True,167.6157379,69.7339325,0b00000000000000000000000001000101,0b0,Continuous
39.2167,-86.5406,2020-02-22 18:25:54 UTC,09255,006,0601,True,191.9693604,79.2574463,0b00000000000000000000000001001111,0b0,Continuous
39.2167,-86.5406,2020-04-09 17:17:31 UTC,09983,006,0601,True,260.5640259,120.4939423,0b00000000000000000000000001111000,0b0,Continuous
39.2167,-86.5406,2020-04-22 18:23:36 UTC,10185,011,0601,True,352.340271,146.4776001,0b00000000000000000000000010010010,0b0,Continuous
39.2167,-86.5406,2020-06-03 19:23:12 UTC,10837,006,0601,True,271.5360413,118.7745514,0b00000000000000000000000001110110,0b0,Continuous
39.2167,-86.5406,2020-06-07 17:48:39 UTC,10898,006,0601,True,484.3605042,202.9755554,0b00000000000000000000000011001010,0b0,Continuous
39.2167,-86.5406,2020-06-08 00:18:45 UTC,10902,010,0601,True,130.6931915,54.344326,0b00000000000000000000000000110110,0b0,Continuous
39.2167,-86.5406,2020-06-11 22:44:09 UTC,10963,010,0601,True,60.7750816,74.3313904,0b00000000000000000000000001001010,0b0,Continuous
39.2167,-86.5406,2020-07-05 13:16:44 UTC,11329,011,0601,True,270.6699524,110.5873795,0b00000000000000000000000001101110,0b0,Continuous
39.2167,-86.5406,2020-07-09 11:42:47 UTC,11390,010,0601,True,255.162674,109.8179626,0b00000000000000000000000001101101,0b0,Continuous
39.2167,-86.5406,2020-07-24 22:53:49 UTC,11630,008,0601,True,77.753212,117.4882355,0b00000000000000000000000001110101,0b0,Continuous
39.2167,-86.5406,2020-07-28 21:18:55 UTC,11691,008,0601,True,86.7742462,262.8596802,0b00000000000000000000000100000110,0b0,Continuous
39.2167,-86.5406,2020-08-06 00:41:20 UTC,11817,013,0601,True,25.8660889,,,,
39.2167,-86.5406,2020-08-08 23:55:51 UTC,11863,008,0601,True,82.7756424,75.9018555,0b00000000000000000000000001001011,0b0,Continuous
39.2167,-86.5406,2020-08-09 16:37:29 UTC,11874,007,0601,True,341.4162292,203.6797791,0b00000000000000000000000011001011,0b0,Continuous
39.2167,-86.5406,2020-08-12 22:22:21 UTC,11924,008,0601,True,59.7178802,169.1413879,0b00000000000000000000000010101001,0b0,Continuous
39.2167,-86.5406,2020-08-16 20:48:42 UTC,11985,008,0601,True,132.0598602,142.7496033,0b00000000000000000000000010001110,0b0,Continuous
39.2167,-86.5406,2020-08-17 13:31:10 UTC,11996,008,0601,True,204.8840942,200.9837646,0b00000000000000000000000011001000,0b0,Continuous
39.2167,-86.5406,2020-08-21 18:27:38 UTC,12061,007,0601,True,201.6511078,184.3591614,0b00000000000000000000000010111000,0b0,Continuous
39.2167,-86.5406,2020-09-21 23:29:49 UTC,12545,008,0601,True,39.5500984,,,,
39.2167,-86.5406,2020-09-25 21:57:34 UTC,12606,008,0601,True,135.3576508,58.0856018,0b00000000000000000000000000111010,0b0,Continuous
39.2167,-86.5406,2020-10-07 17:21:02 UTC,12789,008,0601,True,246.0958252,100.9145966,0b00000000000000000000000001100100,0b0,Continuous
39.2167,-86.5406,2020-10-10 23:04:36 UTC,12839,009,0601,True,75.4334564,,,,
39.2167,-86.5406,2020-10-11 15:47:06 UTC,12850,007,0601,True,360.6847534,158.7045746,0b00000000000000000000000010011110,0b0,Continuous
39.2167,-86.5406,2020-10-11 22:17:08 UTC,12854,007,0601,True,120.4341507,49.287796,0b00000000000000000000000000110001,0b0,Continuous
39.2167,-86.5406,2020-11-03 13:39:21 UTC,13205,007,0601,True,61.2952957,28.8948784,0b00000000000000000000000000011100,0b0,Continuous
39.2167,-86.5406,2021-03-29 20:49:00 UTC,15474,007,0601,True,152.4641724,62.3542328,0b00000000000000000000000000111110,0b0,Continuous
39.2167,-86.5406,2021-04-02 19:16:10 UTC,15535,008,0601,True,151.6869965,62.1839371,0b00000000000000000000000000111110,0b0,Continuous
39.2167,-86.5406,2021-04-14 21:08:53 UTC,15723,009,0601,True,160.5980835,67.0859604,0b00000000000000000000000001000011,0b0,Continuous
39.2167,-86.5406,2021-04-22 18:03:34 UTC,15845,008,0601,True,276.813324,130.4910431,0b00000000000000000000000010000010,0b0,Continuous
39.2167,-86.5406,2021-04-26 16:30:59 UTC,15906,009,0601,True,351.1221313,145.1940155,0b00000000000000000000000010010001,0b0,Continuous
39.2167,-86.5406,2021-04-30 14:57:39 UTC,15967,008,0601,True,294.100769,138.6404419,0b00000000000000000000000010001010,0b0,Continuous
